{"Left": [{"thumb": {"distal": [13.5479736328125, 364.0429992675781, -31.76517677307129], "intermediate": [3.739246368408203, 359.4324645996094, -16.952857971191406], "proximal": [-8.263778686523438, 343.5426330566406, -0.25763052701950073], "metacarpal": [-24.340309143066406, 310.1143798828125, 25.82430076599121]}, "index": {"distal": [11.875816345214844, 331.4073486328125, -108.31531524658203], "intermediate": [4.293876647949219, 328.77911376953125, -93.28145599365234], "proximal": [-3.1140213012695312, 325.97149658203125, -74.83631896972656], "metacarpal": [-10.328262329101562, 322.22857666015625, -45.76049041748047]}, "middle": {"distal": [6.4623870849609375, 302.5427551269531, -118.65396118164062], "intermediate": [0.20968246459960938, 302.886962890625, -104.89124298095703], "proximal": [-7.411293029785156, 303.9781188964844, -82.9648666381836], "metacarpal": [-13.184097290039062, 304.9544982910156, -48.414588928222656]}, "ring": {"distal": [-4.258708953857422, 280.1610107421875, -112.3700942993164], "intermediate": [-9.10776138305664, 280.7227478027344, -97.57501220703125], "proximal": [-13.149368286132812, 281.4493713378906, -78.30792999267578], "metacarpal": [-15.209941864013672, 283.6902160644531, -44.89976501464844]}, "pinky": {"distal": [2.6659793853759766, 259.9013366699219, -82.12229919433594], "intermediate": [-4.805255889892578, 259.5881652832031, -72.93379974365234], "proximal": [-12.09783935546875, 261.5238037109375, -58.1436653137207], "metacarpal": [-15.33181381225586, 266.433349609375, -35.928279876708984]}, "palm": [-14.708816528320312, 298.6294250488281, -24.99390983581543], "wrist": [-39.50798416137695, 283.8951721191406, 39.78863525390625]}, {"thumb": {"distal": [24.8342227935791, 393.50067138671875, -43.10120391845703], "intermediate": [14.528270721435547, 387.3222961425781, -28.47366714477539], "proximal": [1.8438224792480469, 370.2652587890625, -12.708800315856934], "metacarpal": [-16.399688720703125, 334.2445983886719, 9.684636116027832]}, "index": {"distal": [16.294567108154297, 372.4859924316406, -124.67922973632812], "intermediate": [8.995662689208984, 368.04937744140625, -109.30219268798828], "proximal": [2.6042442321777344, 362.8267517089844, -90.291259765625], "metacarpal": [-2.7370567321777344, 354.89935302734375, -61.30559158325195]}, "middle": {"distal": [13.870218276977539, 342.2391662597656, -136.2726287841797], "intermediate": [7.285961151123047, 341.9053955078125, -123.01353454589844], "proximal": [-0.5241737365722656, 341.4209899902344, -100.95957946777344], "metacarpal": [-6.471401214599609, 338.5929260253906, -66.06707000732422]}, "ring": {"distal": [2.6166419982910156, 313.04449462890625, -133.2114715576172], "intermediate": [-3.375377655029297, 313.9305114746094, -118.48995208740234], "proximal": [-8.150325775146484, 315.21343994140625, -98.77698516845703], "metacarpal": [-9.765182495117188, 317.57696533203125, -65.17127227783203]}, "pinky": {"distal": [4.6696014404296875, 295.22479248046875, -110.15156555175781], "intermediate": [-2.403331756591797, 295.3852233886719, -99.41960906982422], "proximal": [-8.57662582397461, 297.0017395019531, -82.47498321533203], "metacarpal": [-10.8831787109375, 299.5072326660156, -58.41073226928711]}, "palm": [-8.035263061523438, 329.5122985839844, -43.20063781738281], "wrist": [-32.74169158935547, 307.6921081542969, 20.855817794799805]}, {"thumb": {"distal": [26.20109748840332, 373.5599060058594, -46.292354583740234], "intermediate": [15.962442398071289, 373.3882751464844, -31.724782943725586], "proximal": [1.3607540130615234, 361.2365417480469, -14.13193130493164], "metacarpal": [-20.443622589111328, 331.3268127441406, 11.897076606750488]}, "index": {"distal": [20.302928924560547, 366.8470153808594, -103.83258056640625], "intermediate": [9.255577087402344, 365.5475769042969, -96.97484588623047], "proximal": [-3.1905441284179688, 363.40478515625, -84.56808471679688], "metacarpal": [-14.305435180664062, 355.85943603515625, -58.44075393676758]}, "middle": {"distal": [13.842475891113281, 347.26702880859375, -127.61271667480469], "intermediate": [3.794788360595703, 346.3360900878906, -117.56327819824219], "proximal": [-8.83365249633789, 344.42559814453125, -98.20323944091797], "metacarpal": [-17.771148681640625, 339.6994934082031, -64.41453552246094]}, "ring": {"distal": [1.0805282592773438, 319.6705017089844, -128.54124450683594], "intermediate": [-7.374980926513672, 319.06964111328125, -116.05936431884766], "proximal": [-15.352836608886719, 318.3701477050781, -98.08111572265625], "metacarpal": [-20.139537811279297, 318.3294677734375, -65.18065643310547]}, "pinky": {"distal": [5.930789947509766, 301.3319396972656, -106.09134674072266], "intermediate": [-3.2462425231933594, 299.72900390625, -98.49449920654297], "proximal": [-13.34975814819336, 299.3146057128906, -83.59747314453125], "metacarpal": [-19.5126953125, 299.8656005859375, -59.713836669921875]}, "palm": [-16.819747924804688, 329.3975830078125, -42.282222747802734], "wrist": [-35.88315963745117, 303.67877197265625, 22.00531005859375]}, {"thumb": {"distal": [-47.29399490356445, 400.7397766113281, -49.28074264526367], "intermediate": [-51.88957595825195, 392.8321228027344, -35.833831787109375], "proximal": [-49.524227142333984, 376.75970458984375, -16.136600494384766], "metacarpal": [-36.308475494384766, 347.1105651855469, 14.876945495605469]}, "index": {"distal": [-29.612361907958984, 394.89202880859375, -102.20455169677734], "intermediate": [-37.78105545043945, 384.0502624511719, -95.11564636230469], "proximal": [-46.45730209350586, 372.3688049316406, -83.01206970214844], "metacarpal": [-52.2667350769043, 361.06622314453125, -56.60179901123047]}, "middle": {"distal": [-22.95931625366211, 368.109619140625, -130.22532653808594], "intermediate": [-28.016319274902344, 361.1645812988281, -116.74407196044922], "proximal": [-34.44064712524414, 354.036376953125, -94.89972686767578], "metacarpal": [-39.19740676879883, 350.0006408691406, -61.125614166259766]}, "ring": {"distal": [-1.8248672485351562, 357.4768981933594, -121.73912048339844], "intermediate": [-8.372360229492188, 349.2047424316406, -110.0257797241211], "proximal": [-14.694499969482422, 341.9012756347656, -92.8730239868164], "metacarpal": [-21.276180267333984, 338.2848205566406, -59.99114227294922]}, "pinky": {"distal": [13.831289291381836, 348.15521240234375, -98.7842025756836], "intermediate": [9.516738891601562, 340.5999450683594, -90.05310821533203], "proximal": [3.471830368041992, 333.4598693847656, -75.51750183105469], "metacarpal": [-4.992946624755859, 330.6048889160156, -53.464141845703125]}, "palm": [-30.506546020507812, 347.11090087890625, -38.328311920166016], "wrist": [-25.514564514160156, 324.64013671875, 28.768600463867188]}, {"thumb": {"distal": [-33.17915725708008, 404.3599853515625, -58.47754669189453], "intermediate": [-42.485897064208984, 401.9129638671875, -43.28183364868164], "proximal": [-54.08091354370117, 386.748779296875, -24.03599739074707], "metacarpal": [-70.13987731933594, 350.4394226074219, 5.317301273345947]}, "index": {"distal": [-44.330928802490234, 385.25079345703125, -124.26643371582031], "intermediate": [-56.2331657409668, 383.4285888671875, -111.4732894897461], "proximal": [-67.19793701171875, 379.33319091796875, -93.61487579345703], "metacarpal": [-72.71449279785156, 372.5365905761719, -64.27371978759766]}, "middle": {"distal": [-56.18879318237305, 371.390869140625, -135.70494079589844], "intermediate": [-66.03663635253906, 368.30352783203125, -123.4334945678711], "proximal": [-74.99343872070312, 362.3233947753906, -101.82170867919922], "metacarpal": [-74.12449645996094, 354.7230529785156, -68.95535278320312]}, "ring": {"distal": [-55.98099136352539, 341.1651611328125, -129.051025390625], "intermediate": [-65.31268310546875, 339.3501281738281, -118.49864196777344], "proximal": [-72.76150512695312, 336.30352783203125, -101.17780303955078], "metacarpal": [-72.07743835449219, 332.71063232421875, -68.24298095703125]},