{"Left": [{"thumb": {"distal": [1.8606414794921875, 300.5071105957031, -20.241418838500977], "intermediate": [-7.676055908203125, 296.2801208496094, -5.529416561126709], "proximal": [-19.44416046142578, 280.9674987792969, 10.212329864501953], "metacarpal": [-35.07973861694336, 248.62417602539062, 34.039703369140625]}, "index": {"distal": [-2.4711647033691406, 270.54510498046875, -101.3038558959961], "intermediate": [-10.12142562866211, 268.3704833984375, -85.9021987915039], "proximal": [-17.424190521240234, 265.978271484375, -67.14032745361328], "metacarpal": [-24.684803009033203, 261.95001220703125, -37.83052444458008]}, "middle": {"distal": [-14.11117172241211, 245.26040649414062, -118.02953338623047], "intermediate": [-19.236568450927734, 244.96820068359375, -101.61060333251953], "proximal": [-25.17034912109375, 244.8336639404297, -77.36216735839844], "metacarpal": [-28.40804672241211, 244.4447021484375, -40.896820068359375]}, "ring": {"distal": [-25.249923706054688, 224.53123474121094, -107.33932495117188], "intermediate": [-28.581893920898438, 225.03628540039062, -90.78459167480469], "proximal": [-30.806053161621094, 224.6488037109375, -71.104736328125], "metacarpal": [-30.83489990234375, 222.8702392578125, -37.854339599609375]}, "pinky": {"distal": [-24.707828521728516, 189.5132598876953, -81.87760162353516], "intermediate": [-28.822555541992188, 192.9142608642578, -68.8952865600586], "proximal": [-30.984203338623047, 198.5452423095703, -51.83203125], "metacarpal": [-30.906715393066406, 205.30245971679688, -29.224960327148438]}, "palm": [-28.79364776611328, 237.61697387695312, -17.61788558959961], "wrist": [-49.42988967895508, 222.53501892089844, 48.37659454345703]}, {"thumb": {"distal": [30.00603485107422, 295.37506103515625, -2.0315520763397217], "intermediate": [19.601287841796875, 290.62139892578125, 12.724481582641602], "proximal": [5.713768005371094, 276.1404724121094, 29.147184371948242], "metacarpal": [-15.223487854003906, 244.35508728027344, 52.68716812133789]}, "index": {"distal": [22.762676239013672, 275.7637023925781, -84.59739685058594], "intermediate": [16.455371856689453, 273.0328369140625, -68.78079223632812], "proximal": [10.715517044067383, 269.595947265625, -49.29549789428711], "metacarpal": [4.687633514404297, 262.9574279785156, -19.835227966308594]}, "middle": {"distal": [16.989839553833008, 245.71865844726562, -97.1451644897461], "intermediate": [11.720418930053711, 247.0128173828125, -82.66277313232422], "proximal": [4.863788604736328, 248.8222198486328, -59.87300491333008], "metacarpal": [-1.9277534484863281, 248.62277221679688, -25.118385314941406]}, "ring": {"distal": [5.20073127746582, 221.8047332763672, -93.37274932861328], "intermediate": [-0.49199485778808594, 223.88182067871094, -78.24008178710938], "proximal": [-5.703361511230469, 226.4178466796875, -58.59618377685547], "metacarpal": [-9.098445892333984, 229.59275817871094, -24.57966423034668]}, "pinky": {"distal": [-0.9339523315429688, 205.39248657226562, -70.62772369384766], "intermediate": [-7.368064880371094, 207.2294921875, -58.8582763671875], "proximal": [-12.434497833251953, 210.26744079589844, -41.53425216674805], "metacarpal": [-13.823043823242188, 212.6609344482422, -17.842161178588867]}, "palm": [-5.696987152099609, 239.9989013671875, -1.6003897190093994], "wrist": [-34.3950309753418, 221.17892456054688, 64.15968322753906]}, {"thumb": {"distal": [-9.37326431274414, 292.1784973144531, -30.220436096191406], "intermediate": [-20.452251434326172, 289.2584228515625, -17.354724884033203], "proximal": [-29.021514892578125, 276.88116455078125, 3.769005060195923], "metacarpal": [-34.09257888793945, 250.87435913085938, 39.76423263549805]}, "index": {"distal": [-0.7274894714355469, 268.9909973144531, -84.77964782714844], "intermediate": [-11.801841735839844, 262.80499267578125, -76.77754211425781], "proximal": [-24.35247039794922, 256.5931701660156, -63.35161209106445], "metacarpal": [-35.25539016723633, 252.27915954589844, -35.44385528564453]}, "middle": {"distal": [6.857757568359375, 251.5883026123047, -98.82345581054688], "intermediate": [-1.6789474487304688, 246.24923706054688, -87.63890838623047], "proximal": [-13.16702651977539, 240.3436279296875, -67.54451751708984], "metacarpal": [-24.671764373779297, 238.36314392089844, -34.62156295776367]}, "ring": {"distal": [21.771286010742188, 238.05337524414062, -83.67333221435547], "intermediate": [12.492931365966797, 231.19171142578125, -74.60649108886719], "proximal": [1.604461669921875, 224.73004150390625, -59.27260208129883], "metacarpal": [-10.97243881225586, 224.2036590576172, -27.480506896972656]}, "pinky": {"distal": [30.589641571044922, 232.3482666015625, -52.03032684326172], "intermediate": [23.347213745117188, 224.4973602294922, -47.426273345947266], "proximal": [12.789199829101562, 216.7465057373047, -36.40806579589844], "metacarpal": [0.9962177276611328, 215.29373168945312, -16.15207290649414]}, "palm": [-20.729888916015625, 238.78289794921875, -10.247971534729004], "wrist": [-27.853130340576172, 228.59719848632812, 60.193565368652344]}, {"thumb": {"distal": [-101.07049560546875, 254.06857299804688, -48.99993896484375], "intermediate": [-96.41856384277344, 251.74427795410156, -31.822547912597656], "proximal": [-83.66343688964844, 249.3752899169922, -9.112274169921875], "metacarpal": [-56.28133010864258, 246.77059936523438, 28.095361709594727]}, "index": {"distal": [-45.688419342041016, 256.9832458496094, -105.64689636230469], "intermediate": [-50.393123626708984, 246.269287109375, -92.68142700195312], "proximal": [-55.195011138916016, 237.14134216308594, -74.56685638427734], "metacarpal": [-59.639888763427734, 234.88577270507812, -44.78252410888672]}, "middle": {"distal": [-23.220924377441406, 258.2582702636719, -110.5113754272461], "intermediate": [-27.35509490966797, 246.67698669433594, -98.50224304199219], "proximal": [-33.623348236083984, 233.70787048339844, -77.18959045410156], "metacarpal": [-42.410343170166016, 229.3995819091797, -43.64277267456055]}, "ring": {"distal": [-2.356353759765625, 245.95301818847656, -93.56333923339844], "intermediate": [-5.814647674560547, 237.04763793945312, -83.19137573242188], "proximal": [-11.09006118774414, 228.45401000976562, -67.52141571044922], "metacarpal": [-21.77578353881836, 227.0850830078125, -36.82099914550781]}, "pinky": {"distal": [12.047819137573242, 240.8693084716797, -73.60696411132812], "intermediate": [9.339988708496094, 234.2586212158203, -63.22947692871094], "proximal": [3.9688358306884766, 228.1774444580078, -47.64545440673828], "metacarpal": [-5.563591003417969, 229.0152587890625, -26.30611801147461]}, "palm": [-38.53976058959961, 236.11761474609375, -20.710878372192383], "wrist": [-39.5295295715332, 236.4849090576172, 49.38664627075195]}, {"thumb": {"distal": [-104.21781921386719, 217.35491943359375, -44.86506652832031], "intermediate": [-100.67732238769531, 217.34268188476562, -27.643898010253906], "proximal": [-88.44593811035156, 218.71292114257812, -5.0727105140686035], "metacarpal": [-60.703800201416016, 222.73324584960938, 31.473997116088867]}, "index": {"distal": [-38.05672073364258, 230.45870971679688, -93.79524993896484], "intermediate": [-44.48916244506836, 217.08326721191406, -84.893310546875], "proximal": [-52.4401741027832, 204.7747039794922, -69.48020935058594], "metacarpal": [-61.802860260009766, 201.21774291992188, -39.72587966918945]}, "middle": {"distal": [-26.623516082763672, 234.0043182373047, -99.9014892578125], "intermediate": [-29.356281280517578, 221.11582946777344, -90.37641906738281], "proximal": [-34.666080474853516, 204.61805725097656, -71.58645629882812], "metacarpal": [-44.06631088256836, 196.82708740234375, -37.91539001464844]}, "ring": {"distal": [-1.2133750915527344, 221.63365173339844, -86.20494079589844], "intermediate": [-4.669345855712891, 211.12962341308594, -76.46617889404297], "proximal": [-10.308773040771484, 200.11549377441406, -61.52600860595703],