{"Left": [], "Right": [{"thumb": {"distal": [-1.0919914245605469, 359.52288818359375, 47.39492416381836], "intermediate": [10.100669860839844, 353.4573059082031, 57.907958984375], "proximal": [27.324806213378906, 344.921630859375, 71.65008544921875], "metacarpal": [57.491477966308594, 331.968505859375, 98.01300811767578]}, "index": {"distal": [18.17605209350586, 418.9756774902344, -2.402419090270996], "intermediate": [23.661544799804688, 409.2021179199219, 10.319101333618164], "proximal": [29.85997772216797, 396.4465026855469, 25.123485565185547], "metacarpal": [38.82197570800781, 376.99859619140625, 45.74412536621094]}, "middle": {"distal": [44.476707458496094, 424.97113037109375, -17.550077438354492], "intermediate": [46.901123046875, 415.7776184082031, -4.372084140777588], "proximal": [50.980960845947266, 400.85455322265625, 14.832727432250977], "metacarpal": [56.412193298339844, 378.5777282714844, 41.085105895996094]}, "ring": {"distal": [71.88241577148438, 417.3264465332031, -11.399568557739258], "intermediate": [73.55821228027344, 408.89361572265625, 0.20335905253887177], "proximal": [75.40769958496094, 396.63946533203125, 14.73867416381836], "metacarpal": [77.05142211914062, 373.27447509765625, 38.519508361816406]}, "pinky": {"distal": [100.43643188476562, 387.30908203125, -8.406344413757324], "intermediate": [100.1524658203125, 383.9112548828125, 3.8504106998443604], "proximal": [98.49186706542969, 376.78564453125, 20.312299728393555], "metacarpal": [93.27490234375, 363.40081787109375, 39.3968391418457]}, "palm": [63.509986877441406, 360.9106750488281, 55.32314682006836], "wrist": [84.109619140625, 322.0950927734375, 108.91310119628906]}, {"thumb": {"distal": [0.8466968536376953, 416.7206115722656, 20.794771194458008], "intermediate": [6.048854827880859, 406.8128356933594, 35.76805877685547], "proximal": [21.139808654785156, 390.2148132324219, 51.43241882324219], "metacarpal": [51.17082214355469, 362.3928527832031, 75.91844177246094]}, "index": {"distal": [37.759185791015625, 392.55560302734375, 18.216989517211914], "intermediate": [34.361045837402344, 405.8976135253906, 11.202706336975098], "proximal": [33.336219787597656, 423.6076965332031, 15.643474578857422], "metacarpal": [40.19745635986328, 424.1286926269531, 42.01458740234375]}, "middle": {"distal": [48.9246711730957, 389.9520568847656, 21.94702911376953], "intermediate": [47.28133010864258, 399.3114318847656, 10.485743522644043], "proximal": [49.14289093017578, 420.6853332519531, 9.003377914428711], "metacarpal": [58.15131378173828, 425.6446838378906, 39.885986328125]}, "ring": {"distal": [69.51415252685547, 389.1090393066406, 13.792632102966309], "intermediate": [71.58137512207031, 400.1752014160156, 4.998151779174805], "proximal": [75.91349792480469, 417.2774658203125, 5.516173839569092], "metacarpal": [78.54159545898438, 419.47723388671875, 37.197322845458984]}, "pinky": {"distal": [76.04344940185547, 393.60186767578125, 5.000718116760254], "intermediate": [81.11544036865234, 403.85418701171875, 3.552600622177124], "proximal": [90.10874938964844, 415.3628234863281, 13.32145881652832], "metacarpal": [93.99134826660156, 408.2403869628906, 35.60536193847656]}, "palm": [62.997039794921875, 403.4482421875, 47.25230026245117], "wrist": [77.07119750976562, 349.113037109375, 87.55561828613281]}, {"thumb": {"distal": [-3.772418975830078, 395.77783203125, 17.878948211669922], "intermediate": [-3.5889129638671875, 390.04296875, 35.57128143310547], "proximal": [10.604686737060547, 378.8880310058594, 56.200042724609375], "metacarpal": [47.186588287353516, 358.5167236328125, 82.72061157226562]}, "index": {"distal": [32.68016052246094, 377.2742004394531, 33.15166473388672], "intermediate": [26.13201332092285, 384.8144226074219, 21.220552444458008], "proximal": [20.563278198242188, 402.2943420410156, 18.34796714782715], "metacarpal": [27.561901092529297, 412.7373962402344, 42.68788528442383]}, "middle": {"distal": [45.69785690307617, 376.9734802246094, 40.287654876708984], "intermediate": [42.94991683959961, 380.3814697265625, 26.456186294555664], "proximal": [39.13731384277344, 399.7397155761719, 15.216946601867676], "metacarpal": [44.69227600097656, 416.3039245605469, 39.75350570678711]}, "ring": {"distal": [63.88491439819336, 376.7418212890625, 31.84190559387207], "intermediate": [63.10768127441406, 381.793212890625, 20.143207550048828], "proximal": [62.7298583984375, 397.4710693359375, 11.529929161071777], "metacarpal": [65.29473876953125, 412.7398681640625, 37.14139938354492]}, "pinky": {"distal": [71.35548400878906, 373.9483337402344, 36.60914611816406], "intermediate": [71.26119232177734, 379.1975402832031, 25.487220764160156], "proximal": [75.3707046508789, 395.111083984375, 18.934083938598633], "metacarpal": [81.9864273071289, 403.73602294921875, 36.5274543762207]}, "palm": [52.558837890625, 396.37933349609375, 49.39545440673828], "wrist": [73.58500671386719, 349.7373352050781, 93.77106475830078]}, {"thumb": {"distal": [2.8583831787109375, 410.0669860839844, 26.446266174316406], "intermediate": [5.298858642578125, 403.3824768066406, 43.00433349609375], "proximal": [18.76079559326172, 390.34393310546875, 61.65620803833008], "metacarpal": [50.75190734863281, 366.6829833984375, 87.29558563232422]}, "index": {"distal": [29.452625274658203, 385.0092468261719, 26.709510803222656], "intermediate": [24.500205993652344, 395.4793395996094, 19.026782989501953], "proximal": [22.107351303100586, 412.38848876953125, 20.832704544067383], "metacarpal": [31.55632209777832, 417.9750671386719, 45.12692642211914]}, "middle": {"distal": [44.645751953125, 381.4794616699219, 35.86405944824219], "intermediate": [41.078311920166016, 387.4241638183594, 22.982248306274414], "proximal": [39.38842010498047, 407.5520324707031, 15.911078453063965], "metacarpal": [48.5699462890625, 420.9231872558594, 41.771419525146484]}, "ring": {"distal": [64.20895385742188, 381.3399963378906, 25.199079513549805], "intermediate": [64.36965942382812, 389.4607849121094, 14.295011520385742], "proximal": [65.93939208984375, 406.2191467285156, 10.011247634887695], "metacarpal": [68.75704193115234, 416.9261779785156, 39.0016975402832]}, "pinky": {"distal": [69.59773254394531, 381.83111572265625, 22.741748809814453], "intermediate": [71.33243560791016, 390.7512512207031, 15.319254875183105], "proximal": [78.18416595458984, 405.96063232421875, 17.002038955688477], "metacarpal": [84.94557189941406, 407.8114318847656, 38.51227951049805]}, "palm": [56.132694244384766, 401.8134765625, 52.22891616821289], "wrist": [76.76676940917969, 357.56341552734375, 97.75202941894531]}, {"thumb": {"distal": [10.657478332519531, 447.9783020019531, 51.96047592163086], "intermediate": [16.92329216003418, 435.9037170410156, 62.95719909667969], "proximal": [28.6097412109375, 416.8261413574219, 74.61880493164062], "metacarpal": [50.775047302246094, 384.2576599121094, 92.26306915283203]}, "index": {"distal": [22.81167984008789, 473.4754638671875, -2.2953383922576904], "intermediate": [26.70975112915039, 466.2730712890625, 12.530582427978516], "proximal": [30.53533935546875, 456.00946044921875, 29.334774017333984], "metacarpal": [35.69790267944336, 438.5704345703125, 50.87971878051758]}, "middle": {"distal": [42.8909912109375, 479.71435546875, -12.467178344726562], "intermediate": [45.49181365966797, 473.0054931640625, 1.2255795001983643], "proximal": [48.91764831542969, 460.600341796875, 20.955631256103516], "metacarpal": [52.34743881225586, 440.1443176269531, 46.50613784790039]}, "ring": {"distal": [61.5301513671875, 469.1255798339844, -10.119839668273926], "intermediate": [64.60630798339844, 463.7840881347656, 2.3586502075195312], "proximal": [67.89445495605469, 454.8485412597656, 18.00911521911621], "metacarpal": [71.47162628173828, 434.4292297363281, 42.75292205810547]}, "pinky": {"distal": [80.19781494140625, 448.4712829589844, -5.537239074707031], "intermediate": [83.24497985839844, 445.6604309082031, 6.558497905731201],