{"Left": [], "Right": [{"thumb": {"distal": [5.148612976074219, 200.34445190429688, 56.13684844970703], "intermediate": [14.889198303222656, 205.21388244628906, 70.92134857177734], "proximal": [35.70539093017578, 209.37344360351562, 87.8913345336914], "metacarpal": [73.23928833007812, 214.97760009765625, 116.3428726196289]}, "index": {"distal": [18.300622940063477, 178.12327575683594, 38.836299896240234], "intermediate": [17.846736907958984, 192.53134155273438, 35.41093063354492], "proximal": [21.31859588623047, 211.01849365234375, 38.211238861083984], "metacarpal": [38.78620147705078, 225.09861755371094, 57.2815055847168]}, "middle": {"distal": [41.35155487060547, 172.75498962402344, 52.974613189697266], "intermediate": [37.334632873535156, 180.08248901367188, 40.8198356628418], "proximal": [37.8536376953125, 201.3133544921875, 32.118404388427734], "metacarpal": [54.643165588378906, 225.5706329345703, 48.84346008300781]}, "ring": {"distal": [56.02325439453125, 177.64505004882812, 46.68546676635742], "intermediate": [54.784664154052734, 184.2902069091797, 34.94409942626953], "proximal": [58.04408264160156, 199.8848876953125, 27.273250579833984], "metacarpal": [74.67111206054688, 221.34141540527344, 44.74672317504883]}, "pinky": {"distal": [81.606689453125, 179.8921661376953, 52.592041015625], "intermediate": [82.00819396972656, 183.39364624023438, 41.06610107421875], "proximal": [85.83001708984375, 197.90635681152344, 33.732025146484375], "metacarpal": [91.90550994873047, 214.59461975097656, 46.47309494018555]}, "palm": [66.99400329589844, 218.4261932373047, 66.9444580078125], "wrist": [101.35287475585938, 212.5672149658203, 123.078369140625]}, {"thumb": {"distal": [24.09417724609375, 321.8023681640625, -33.26251220703125], "intermediate": [22.037660598754883, 320.1623229980469, -16.96396255493164], "proximal": [33.691558837890625, 313.0743103027344, 3.3297348022460938], "metacarpal": [65.5096435546875, 297.04400634765625, 30.297901153564453]}, "index": {"distal": [48.55282974243164, 310.9634704589844, -18.35114097595215], "intermediate": [43.47184371948242, 318.2218933105469, -29.46221351623535], "proximal": [40.07609558105469, 334.9819641113281, -32.298458099365234], "metacarpal": [49.040504455566406, 345.1318054199219, -9.619128227233887]}, "middle": {"distal": [62.45814514160156, 308.2484436035156, -8.405360221862793], "intermediate": [57.70001983642578, 310.6748046875, -21.079551696777344], "proximal": [54.250938415527344, 328.7723693847656, -33.405113220214844], "metacarpal": [64.74861907958984, 346.5603332519531, -13.805922508239746]}, "ring": {"distal": [78.80426025390625, 306.73785400390625, -17.139284133911133], "intermediate": [77.25828552246094, 309.78900146484375, -28.82586669921875], "proximal": [77.22117614746094, 323.6139221191406, -39.1959228515625], "metacarpal": [83.34912109375, 341.2115783691406, -17.31182861328125]}, "pinky": {"distal": [85.427490234375, 304.1299133300781, -16.17263412475586], "intermediate": [85.33879089355469, 307.73822021484375, -26.605165481567383], "proximal": [90.05699157714844, 321.69287109375, -34.09197998046875], "metacarpal": [98.08139038085938, 331.4309997558594, -18.325769424438477]}, "palm": [71.15744018554688, 328.43792724609375, -3.7867844104766846], "wrist": [90.734130859375, 288.2611389160156, 40.17063522338867]}, {"thumb": {"distal": [7.030675888061523, 353.3221435546875, 10.233637809753418], "intermediate": [15.205110549926758, 345.1625061035156, 22.085357666015625], "proximal": [30.700458526611328, 333.5647888183594, 34.897403717041016], "metacarpal": [60.888633728027344, 313.55877685546875, 53.4496955871582]}, "index": {"distal": [36.67170715332031, 415.9342956542969, -14.42933177947998], "intermediate": [41.76158142089844, 405.8199462890625, -4.294304370880127], "proximal": [47.17365264892578, 392.1690673828125, 6.954107284545898], "metacarpal": [53.66386413574219, 369.8922424316406, 19.925050735473633]}, "middle": {"distal": [63.80840301513672, 416.737060546875, -28.905094146728516], "intermediate": [65.6641845703125, 408.5702819824219, -18.11079216003418], "proximal": [68.3536376953125, 394.0571594238281, -2.617140054702759], "metacarpal": [69.91639709472656, 369.537353515625, 16.189271926879883]}, "ring": {"distal": [86.22146606445312, 407.8670959472656, -24.1550235748291], "intermediate": [87.2870101928711, 399.41064453125, -15.340340614318848], "proximal": [88.54258728027344, 386.9039001464844, -4.3224196434021], "metacarpal": [87.67562866210938, 361.85748291015625, 12.19310188293457]}, "pinky": {"distal": [114.43693542480469, 389.0095520019531, -16.9746036529541], "intermediate": [112.50074768066406, 380.7944641113281, -8.899447441101074], "proximal": [108.61122131347656, 368.1497802734375, 0.6747554540634155], "metacarpal": [100.56259155273438, 349.9363098144531, 9.87611198425293]}, "palm": [72.84838104248047, 349.0830078125, 23.75889778137207], "wrist": [85.78382873535156, 300.2994384765625, 62.63935089111328]}, {"thumb": {"distal": [14.726627349853516, 364.0188903808594, -4.161472797393799], "intermediate": [18.848478317260742, 356.0256042480469, 11.406075477600098], "proximal": [33.04961395263672, 341.5608215332031, 27.155014038085938], "metacarpal": [61.549625396728516, 316.5028991699219, 50.09028625488281]}, "index": {"distal": [36.140647888183594, 355.9389343261719, -23.355690002441406], "intermediate": [38.17466735839844, 369.47003173828125, -19.808795928955078], "proximal": [44.01032638549805, 381.39398193359375, -6.782271385192871], "metacarpal": [54.60112762451172, 373.6058654785156, 15.641088485717773]}, "middle": {"distal": [49.51445770263672, 346.5941467285156, -22.831378936767578], "intermediate": [51.43766784667969, 359.9281311035156, -25.663497924804688], "proximal": [58.97505569458008, 377.7920837402344, -15.844882011413574], "metacarpal": [71.23995971679688, 373.44146728515625, 12.614591598510742]}, "ring": {"distal": [70.4076919555664, 348.6300964355469, -25.732709884643555], "intermediate": [74.74573516845703, 360.30328369140625, -26.499380111694336], "proximal": [82.01615905761719, 372.30975341796875, -17.92780113220215], "metacarpal": [89.58328247070312, 365.8717956542969, 9.346283912658691]}, "pinky": {"distal": [89.03036499023438, 351.1934814453125, -28.584121704101562], "intermediate": [95.78546142578125, 358.7775573730469, -24.23577308654785], "proximal": [103.35661315917969, 363.9049377441406, -10.761465072631836], "metacarpal": [103.00932312011719, 354.02935791015625, 7.67031192779541]}, "palm": [74.35713195800781, 352.6704406738281, 20.444602966308594], "wrist": [86.94773864746094, 303.13983154296875, 60.40740203857422]}, {"thumb": {"distal": [18.10259246826172, 324.92913818359375, -17.763704299926758], "intermediate": [15.723669052124023, 323.8135681152344, -1.3432070016860962], "proximal": [26.658239364624023, 317.98431396484375, 20.67879867553711], "metacarpal": [57.365821838378906, 304.3029479980469, 52.39814376831055]}, "index": {"distal": [43.69114685058594, 317.36322021484375, 0.3144891858100891], "intermediate": [39.338077545166016, 324.41082763671875, -11.775476455688477], "proximal": [35.54051971435547, 341.0221862792969, -15.309147834777832], "metacarpal": [41.41468048095703, 351.5469665527344, 8.393057823181152]}, "middle": {"distal": [57.79771041870117, 314.50701904296875, 13.189876556396484], "intermediate": [54.26579284667969, 315.8155822753906, -0.4190596044063568], "proximal": [50.86907196044922, 333.6301574707031, -14.349828720092773], "metacarpal": [57.648292541503906, 353.68939208984375, 5.281368732452393]}, "ring": {"distal": [73.81411743164062, 313.85833740234375, 4.303617000579834], "intermediate": [73.30079650878906, 316.2038269042969, -7.572222709655762], "proximal": [73.63333129882812, 329.887451171875, -18.459924697875977], "metacarpal": [77.06309509277344, 349.1570739746094, 3.4386892318725586]}, "pinky": {"distal": [80.12873840332031, 311.9937438964844, 6.109718322753906],