{"Left": [], "Right": [{"thumb": {"distal": [2.5268688201904297, 364.7928771972656, 70.9770278930664], "intermediate": [11.648637771606445, 353.83978271484375, 80.40867614746094], "proximal": [28.060016632080078, 338.3335876464844, 90.02925872802734], "metacarpal": [57.45795440673828, 313.61907958984375, 107.34100341796875]}, "index": {"distal": [43.158626556396484, 424.2356872558594, 29.758438110351562], "intermediate": [48.35778045654297, 417.3883972167969, 44.94438552856445], "proximal": [53.38600540161133, 405.1691589355469, 61.73466491699219], "metacarpal": [57.89494705200195, 381.2137756347656, 79.60323333740234]}, "middle": {"distal": [66.92720794677734, 422.9278259277344, 19.390867233276367], "intermediate": [71.22256469726562, 418.1664733886719, 33.88919448852539], "proximal": [75.58023071289062, 405.66802978515625, 54.5379638671875], "metacarpal": [75.87847900390625, 380.1434020996094, 76.3792724609375]}, "ring": {"distal": [84.61085510253906, 411.48907470703125, 17.70648765563965], "intermediate": [89.37133026123047, 407.0810241699219, 31.880563735961914], "proximal": [93.81726837158203, 397.05328369140625, 49.28351593017578], "metacarpal": [94.85072326660156, 371.111083984375, 71.90553283691406]}, "pinky": {"distal": [111.75433349609375, 380.4658508300781, 17.119272232055664], "intermediate": [114.98236083984375, 378.8902893066406, 31.312562942504883], "proximal": [115.54898071289062, 372.3199462890625, 50.451786041259766], "metacarpal": [108.04243469238281, 357.6405029296875, 68.39871215820312]}, "palm": [76.34908294677734, 356.4393310546875, 81.45742797851562], "wrist": [82.57943725585938, 296.4600524902344, 118.10651397705078]}, {"thumb": {"distal": [-0.8030567169189453, 390.80120849609375, 58.40596008300781], "intermediate": [8.271244049072266, 380.15985107421875, 66.85355377197266], "proximal": [24.27734375, 365.9619445800781, 75.78268432617188], "metacarpal": [53.26780700683594, 342.900146484375, 90.16014099121094]}, "index": {"distal": [42.0585823059082, 462.1412048339844, 28.924396514892578], "intermediate": [45.09394073486328, 449.13922119140625, 38.44325637817383], "proximal": [47.9582633972168, 432.2646179199219, 48.738868713378906], "metacarpal": [51.04222869873047, 405.9275817871094, 59.8001708984375]}, "middle": {"distal": [78.60586547851562, 462.12451171875, 17.262447357177734], "intermediate": [76.5196533203125, 451.65533447265625, 27.31279754638672], "proximal": [73.91801452636719, 433.6797790527344, 41.278953552246094], "metacarpal": [68.69957733154297, 405.4342956542969, 57.445533752441406]}, "ring": {"distal": [100.92581176757812, 448.619873046875, 21.29302406311035], "intermediate": [98.97651672363281, 438.6549377441406, 30.3109188079834], "proximal": [95.84111022949219, 424.3700866699219, 40.631229400634766], "metacarpal": [87.84391784667969, 397.0881042480469, 54.250892639160156]}, "pinky": {"distal": [119.08053588867188, 423.6685791015625, 22.82967185974121], "intermediate": [116.78852844238281, 416.0262756347656, 32.38074493408203], "proximal": [111.65087890625, 403.433837890625, 43.167335510253906], "metacarpal": [101.47807312011719, 384.2322998046875, 51.93315887451172]}, "palm": [70.36726379394531, 382.9587097167969, 63.66077423095703], "wrist": [77.67225646972656, 327.1353759765625, 101.4027328491211]}, {"thumb": {"distal": [10.303104400634766, 390.38238525390625, 39.87616729736328], "intermediate": [11.53148078918457, 378.5215759277344, 54.58344268798828], "proximal": [24.7017822265625, 359.8670959472656, 67.91290283203125], "metacarpal": [54.517845153808594, 328.8065490722656, 83.85050201416016]}, "index": {"distal": [32.503334045410156, 393.45880126953125, 20.327579498291016], "intermediate": [35.84943771362305, 403.703125, 28.013647079467773], "proximal": [41.3875617980957, 409.9139709472656, 43.268890380859375], "metacarpal": [49.705909729003906, 394.34515380859375, 63.26768493652344]}, "middle": {"distal": [53.2972412109375, 372.5513610839844, 22.075456619262695], "intermediate": [55.34290313720703, 386.3336486816406, 20.310787200927734], "proximal": [60.65013122558594, 403.2569580078125, 31.747047424316406], "metacarpal": [67.37843322753906, 394.6595764160156, 61.22903823852539]}, "ring": {"distal": [69.49847412109375, 377.0744323730469, 17.77275848388672], "intermediate": [74.18611145019531, 388.7505798339844, 19.61892318725586], "proximal": [81.39447021484375, 399.022216796875, 29.986637115478516], "metacarpal": [86.70346069335938, 387.4590759277344, 57.32121658325195]}, "pinky": {"distal": [86.00889587402344, 379.1363220214844, 14.77729606628418], "intermediate": [93.10978698730469, 385.5643310546875, 21.281919479370117], "proximal": [101.09852600097656, 388.2266845703125, 35.72197341918945], "metacarpal": [100.74880981445312, 375.6280822753906, 53.518001556396484]}, "palm": [70.09649658203125, 371.861328125, 64.11492156982422], "wrist": [79.12045288085938, 313.56097412109375, 94.64049530029297]}, {"thumb": {"distal": [12.240161895751953, 375.55230712890625, 22.289867401123047], "intermediate": [8.776214599609375, 366.4143371582031, 38.33316421508789], "proximal": [19.374130249023438, 350.169189453125, 56.898536682128906], "metacarpal": [50.52885818481445, 321.72650146484375, 81.54148864746094]}, "index": {"distal": [42.552799224853516, 355.2999267578125, 37.609554290771484], "intermediate": [39.0633544921875, 366.5142517089844, 28.25619888305664], "proximal": [36.68541717529297, 383.9197082519531, 30.316978454589844], "metacarpal": [42.06262969970703, 385.7489318847656, 55.574337005615234]}, "middle": {"distal": [55.49440002441406, 350.0193786621094, 42.64181137084961], "intermediate": [56.135948181152344, 357.3321228027344, 30.003986358642578], "proximal": [57.10529327392578, 378.9199523925781, 25.41512680053711], "metacarpal": [59.632972717285156, 387.3313293457031, 54.68321990966797]}, "ring": {"distal": [73.14973449707031, 350.42315673828125, 34.75478744506836], "intermediate": [75.30762481689453, 359.0397033691406, 25.008230209350586], "proximal": [79.05078125, 375.9075622558594, 22.37061882019043], "metacarpal": [79.8331069946289, 381.4403076171875, 52.530757904052734]}, "pinky": {"distal": [80.24423217773438, 346.7841491699219, 36.757896423339844], "intermediate": [82.9249267578125, 355.49346923828125, 29.117568969726562], "proximal": [90.69544982910156, 370.5619201660156, 30.15924644470215], "metacarpal": [95.17842102050781, 370.4397888183594, 50.34480667114258]}, "palm": [63.89754104614258, 364.8225402832031, 59.36765670776367], "wrist": [75.344970703125, 308.27777099609375, 94.28260803222656]}, {"thumb": {"distal": [21.428604125976562, 376.3208923339844, 71.81304931640625], "intermediate": [33.63862609863281, 370.52740478515625, 83.01092529296875], "proximal": [52.59952926635742, 363.224853515625, 96.86730194091797], "metacarpal": [84.42674255371094, 351.7301025390625, 120.78471374511719]}, "index": {"distal": [79.2427978515625, 471.700927734375, 61.29863739013672], "intermediate": [81.05329895019531, 456.23773193359375, 68.54206848144531], "proximal": [82.59849548339844, 437.5568542480469, 76.21708679199219], "metacarpal": [84.9725341796875, 411.30596923828125, 85.68746185302734]}, "middle": {"distal": [124.03584289550781, 470.6255187988281, 52.72502517700195], "intermediate": [119.51370239257812, 457.8685607910156, 60.67605972290039], "proximal": [112.60720825195312, 438.1854553222656, 71.35516357421875], "metacarpal": [102.5894775390625, 410.27862548828125, 84.42935943603516]}, "ring": {"distal": [151.50051879882812, 446.8848571777344, 50.69450759887695], "intermediate": [146.2148895263672, 437.3937683105469, 59.484066009521484], "proximal": [138.0774383544922, 424.77740478515625, 69.51594543457031], "metacarpal": [121.54119873046875, 401.61370849609375, 83.05464935302734]}, "pinky": {"distal": [172.37867736816406, 413.7503967285156, 53.52730178833008], "intermediate": [164.65382385253906, 408.5026550292969, 63.049888610839844],