{"Left": [], "Right": [{"thumb": {"distal": [26.01144027709961, 336.75531005859375, 23.822250366210938], "intermediate": [36.184104919433594, 331.3486328125, 36.76287078857422], "proximal": [53.96373748779297, 322.5992736816406, 52.101661682128906], "metacarpal": [86.29374694824219, 308.1173400878906, 78.51144409179688]}, "index": {"distal": [40.006446838378906, 375.47467041015625, -31.825355529785156], "intermediate": [47.154541015625, 372.238525390625, -16.71724510192871], "proximal": [55.20488357543945, 366.11724853515625, 0.9085178375244141], "metacarpal": [66.44660949707031, 352.8526306152344, 25.10081672668457]}, "middle": {"distal": [63.83267593383789, 374.732177734375, -51.537872314453125], "intermediate": [69.19694519042969, 373.1947021484375, -35.56660461425781], "proximal": [76.14189147949219, 367.59893798828125, -11.978669166564941], "metacarpal": [83.99087524414062, 353.5576477050781, 19.44277572631836]}, "ring": {"distal": [88.04589080810547, 367.6829528808594, -46.164608001708984], "intermediate": [92.88482666015625, 366.64764404296875, -32.15450668334961], "proximal": [98.19882202148438, 362.3208312988281, -14.034998893737793], "metacarpal": [104.251953125, 347.0968017578125, 15.863981246948242]}, "pinky": {"distal": [121.61189270019531, 345.67047119140625, -40.02419662475586], "intermediate": [123.56336975097656, 347.0101318359375, -26.180164337158203], "proximal": [124.11790466308594, 345.329345703125, -6.784359455108643], "metacarpal": [120.127685546875, 336.31768798828125, 16.163986206054688]}, "palm": [91.10054016113281, 335.7417297363281, 33.99660110473633], "wrist": [113.70822143554688, 297.43408203125, 88.21994018554688]}, {"thumb": {"distal": [-0.4441184997558594, 368.1052551269531, -13.92287826538086], "intermediate": [5.556140899658203, 361.5172424316406, 1.4579485654830933], "proximal": [23.218690872192383, 349.702392578125, 18.25796127319336], "metacarpal": [58.102325439453125, 329.74700927734375, 44.76554489135742]}, "index": {"distal": [47.163604736328125, 361.90478515625, -4.50326681137085], "intermediate": [43.59205627441406, 372.79644775390625, -13.92129135131836], "proximal": [42.35572052001953, 390.0067138671875, -12.785221099853516], "metacarpal": [49.3775749206543, 393.2056884765625, 12.204222679138184]}, "middle": {"distal": [57.642730712890625, 357.1395568847656, -3.6248960494995117], "intermediate": [56.126399993896484, 364.45452880859375, -16.14458465576172], "proximal": [58.013893127441406, 385.7601318359375, -20.95496368408203], "metacarpal": [67.18807983398438, 393.5389404296875, 8.902905464172363]}, "ring": {"distal": [78.22039794921875, 353.84893798828125, -13.616458892822266], "intermediate": [79.87236022949219, 363.0100402832031, -24.249032974243164], "proximal": [84.20270538330078, 380.2218933105469, -27.041486740112305], "metacarpal": [86.92402648925781, 385.8861083984375, 4.734970569610596]}, "pinky": {"distal": [84.26052856445312, 349.6277770996094, -14.114487648010254], "intermediate": [88.09288024902344, 358.4710998535156, -22.459394454956055], "proximal": [97.10517883300781, 373.46282958984375, -20.813701629638672], "metacarpal": [101.406005859375, 373.486328125, 1.9333457946777344]}, "palm": [70.79649353027344, 370.69268798828125, 15.70615005493164], "wrist": [84.62347412109375, 314.7823791503906, 55.351776123046875]}, {"thumb": {"distal": [0.0307159423828125, 366.064453125, 5.04477071762085], "intermediate": [7.218502044677734, 358.7283630371094, 19.580984115600586], "proximal": [24.97745132446289, 345.8539733886719, 34.07844161987305], "metacarpal": [57.26428985595703, 324.59307861328125, 57.385040283203125]}, "index": {"distal": [28.265605926513672, 355.7558288574219, -16.379030227661133], "intermediate": [28.07892417907715, 370.7537841796875, -16.69472885131836], "proximal": [32.54373550415039, 386.14398193359375, -6.91787052154541], "metacarpal": [45.175933837890625, 382.2434387207031, 18.208669662475586]}, "middle": {"distal": [43.24119186401367, 351.55560302734375, -20.54381561279297], "intermediate": [44.450225830078125, 365.1789855957031, -25.09821891784668], "proximal": [50.8040885925293, 384.63970947265625, -17.027997970581055], "metacarpal": [62.554779052734375, 382.96160888671875, 14.166035652160645]}, "ring": {"distal": [59.77877426147461, 352.42376708984375, -23.99907875061035], "intermediate": [63.41202926635742, 365.3780517578125, -26.598674774169922], "proximal": [71.20479583740234, 379.575439453125, -19.47386360168457], "metacarpal": [82.08999633789062, 375.909912109375, 10.2366361618042]}, "pinky": {"distal": [78.65859985351562, 353.85174560546875, -29.841270446777344], "intermediate": [85.52913665771484, 363.0549621582031, -26.706762313842773], "proximal": [94.43914031982422, 371.2563781738281, -13.511073112487793], "metacarpal": [96.70870971679688, 364.17449951171875, 8.475808143615723]}, "palm": [67.25791931152344, 361.7146911621094, 23.401899337768555], "wrist": [84.20785522460938, 311.8326110839844, 67.14205169677734]}, {"thumb": {"distal": [4.651958465576172, 376.4195861816406, 14.682621955871582], "intermediate": [12.800296783447266, 366.66259765625, 28.326087951660156], "proximal": [29.54974937438965, 350.3450927734375, 41.436954498291016], "metacarpal": [58.896400451660156, 323.4559631347656, 63.50062942504883]}, "index": {"distal": [28.68707847595215, 385.5332336425781, -19.13079071044922], "intermediate": [33.68130111694336, 394.7268981933594, -9.219789505004883], "proximal": [41.0041389465332, 399.73638916015625, 7.654585838317871], "metacarpal": [49.5941162109375, 385.9781494140625, 29.65892791748047]}, "middle": {"distal": [43.16671371459961, 375.1690368652344, -23.220712661743164], "intermediate": [47.962135314941406, 386.6805725097656, -19.310754776000977], "proximal": [56.990455627441406, 397.9023742675781, -2.8013405799865723], "metacarpal": [66.78455352783203, 386.2708435058594, 25.36321449279785]}, "ring": {"distal": [62.75556564331055, 376.4580078125, -26.87480926513672], "intermediate": [68.45814514160156, 385.68719482421875, -21.028215408325195], "proximal": [76.96355438232422, 392.1011962890625, -7.00453519821167], "metacarpal": [85.836669921875, 378.8583068847656, 20.48555564880371]}, "pinky": {"distal": [84.65267944335938, 377.4315185546875, -30.860979080200195], "intermediate": [91.32636260986328, 381.1930236816406, -20.03000259399414], "proximal": [98.57412719726562, 380.0893249511719, -2.281716823577881], "metacarpal": [99.76026916503906, 366.7200622558594, 17.381555557250977]}, "palm": [70.37799072265625, 363.8907775878906, 32.629356384277344], "wrist": [85.70150756835938, 309.0270690917969, 72.1196517944336]}, {"thumb": {"distal": [8.213035583496094, 375.9301452636719, 11.806134223937988], "intermediate": [13.005241394042969, 366.1027526855469, 26.045381546020508], "proximal": [26.643146514892578, 348.2266540527344, 39.816429138183594], "metacarpal": [53.5572509765625, 316.94549560546875, 59.757938385009766]}, "index": {"distal": [25.419334411621094, 342.8783874511719, -20.0531063079834], "intermediate": [24.629695892333984, 357.8391418457031, -19.131568908691406], "proximal": [27.23282241821289, 373.5466613769531, -8.368408203125], "metacarpal": [38.01629638671875, 371.99334716796875, 17.904664993286133]}, "middle": {"distal": [40.33890914916992, 337.48876953125, -16.076852798461914], "intermediate": [39.368988037109375, 349.38818359375, -22.57276153564453], "proximal": [42.9412727355957, 369.8699645996094, -17.303356170654297], "metacarpal": [55.03981018066406, 373.3917236328125, 13.687714576721191]}, "ring": {"distal": [56.98564910888672, 339.0290832519531, -21.659259796142578], "intermediate": [59.470001220703125, 350.8721618652344, -26.048120498657227], "proximal": [65.1661376953125, 366.0419921875, -20.9827823638916], "metacarpal": [74.69049835205078, 367.3885803222656, 9.938456535339355]}, "pinky": {"distal": [65.49211120605469, 342.09423828125, -21.749605178833008],