{"Left": [], "Right": [{"thumb": {"distal": [19.598615646362305, 410.7845153808594, 43.062774658203125], "intermediate": [27.458282470703125, 402.5296325683594, 56.971187591552734], "proximal": [43.250404357910156, 388.96771240234375, 72.46116638183594], "metacarpal": [73.17810821533203, 365.6188049316406, 96.88389587402344]}, "index": {"distal": [38.906524658203125, 450.4609375, 0.3225556015968323], "intermediate": [46.09923553466797, 448.2529296875, 16.12934112548828], "proximal": [53.846107482910156, 441.911376953125, 34.31925582885742], "metacarpal": [62.958839416503906, 424.9796142578125, 56.553646087646484]}, "middle": {"distal": [57.496978759765625, 444.4124450683594, -14.152068138122559], "intermediate": [64.23080444335938, 445.5823669433594, 0.045919016003608704], "proximal": [73.00413513183594, 441.74285888671875, 22.64342498779297], "metacarpal": [80.44476318359375, 424.68377685546875, 51.44560623168945]}, "ring": {"distal": [79.97867584228516, 433.5264892578125, -13.078584671020508], "intermediate": [86.30923461914062, 435.0807189941406, -0.379273384809494], "proximal": [93.40579223632812, 432.8070983886719, 17.434438705444336], "metacarpal": [99.56855773925781, 416.5558776855469, 46.540470123291016]}, "pinky": {"distal": [109.13273620605469, 420.04132080078125, -11.114988327026367], "intermediate": [113.67938232421875, 420.5887451171875, 2.716642379760742], "proximal": [116.84220886230469, 416.58099365234375, 22.463342666625977], "metacarpal": [113.58158874511719, 403.91357421875, 44.15611267089844]}, "palm": [84.08562469482422, 402.9218444824219, 60.95867156982422], "wrist": [99.51922607421875, 350.3592224121094, 104.64002990722656]}, {"thumb": {"distal": [-11.769744873046875, 441.0074157714844, 44.958763122558594], "intermediate": [-4.633232116699219, 430.5639343261719, 57.23411178588867], "proximal": [13.007707595825195, 414.4139404296875, 68.74674224853516], "metacarpal": [47.078643798828125, 388.3246765136719, 86.19222259521484]}, "index": {"distal": [33.261741638183594, 425.7768249511719, 41.327003479003906], "intermediate": [30.196388244628906, 438.7323303222656, 33.60274887084961], "proximal": [30.130224227905273, 456.4740905761719, 38.16297912597656], "metacarpal": [38.548423767089844, 455.8331604003906, 64.8660888671875]}, "middle": {"distal": [48.27827835083008, 422.74603271484375, 40.855430603027344], "intermediate": [47.082862854003906, 432.9429016113281, 30.11819076538086], "proximal": [49.03318786621094, 454.91973876953125, 29.75847053527832], "metacarpal": [56.22311019897461, 456.790771484375, 61.28495788574219]}, "ring": {"distal": [64.90498352050781, 422.296630859375, 33.73959732055664], "intermediate": [66.66377258300781, 433.8029479980469, 24.857744216918945], "proximal": [71.61349487304688, 451.1766662597656, 24.93964195251465], "metacarpal": [75.73130798339844, 450.04754638671875, 55.65753173828125]}, "pinky": {"distal": [73.61356353759766, 426.7774658203125, 23.018951416015625], "intermediate": [79.0609130859375, 436.4820251464844, 20.941150665283203], "proximal": [88.25431823730469, 447.21221923828125, 29.673810958862305], "metacarpal": [89.96844482421875, 438.35565185546875, 50.73341751098633]}, "palm": [59.678688049316406, 433.3199157714844, 64.22684478759766], "wrist": [73.47599792480469, 372.1170959472656, 93.84706115722656]}, {"thumb": {"distal": [-2.6234130859375, 423.2744445800781, 37.925270080566406], "intermediate": [-5.062236785888672, 414.3850402832031, 54.28108215332031], "proximal": [8.097938537597656, 398.8346862792969, 71.74797821044922], "metacarpal": [43.94849395751953, 372.50396728515625, 91.3075942993164]}, "index": {"distal": [28.800762176513672, 404.5600280761719, 49.04157638549805], "intermediate": [21.966461181640625, 415.9940185546875, 40.187477111816406], "proximal": [17.934463500976562, 434.5708312988281, 42.929359436035156], "metacarpal": [28.28363800048828, 437.6831359863281, 69.18119812011719]}, "middle": {"distal": [42.068748474121094, 402.3189392089844, 52.71799087524414], "intermediate": [38.82251739501953, 410.5118103027344, 40.909584045410156], "proximal": [36.71273422241211, 432.67742919921875, 36.7924919128418], "metacarpal": [45.396339416503906, 440.22283935546875, 65.4281234741211]}, "ring": {"distal": [58.57832336425781, 403.38385009765625, 43.507080078125], "intermediate": [58.168312072753906, 412.334228515625, 33.29500198364258], "proximal": [59.826263427734375, 429.9130859375, 29.879732131958008], "metacarpal": [65.26091003417969, 435.3132629394531, 59.705841064453125]}, "pinky": {"distal": [65.48435974121094, 399.4229431152344, 43.803855895996094], "intermediate": [66.66537475585938, 408.3331604003906, 35.09856033325195], "proximal": [73.44041442871094, 424.437255859375, 34.589149475097656], "metacarpal": [80.61911010742188, 425.03509521484375, 54.89335632324219]}, "palm": [51.400543212890625, 417.5037536621094, 68.63523864746094], "wrist": [71.19844055175781, 359.517822265625, 98.94731903076172]}, {"thumb": {"distal": [-10.726112365722656, 429.1982727050781, 75.04890441894531], "intermediate": [0.9543075561523438, 421.6071472167969, 81.97000122070312], "proximal": [19.092044830322266, 411.9312744140625, 89.70692443847656], "metacarpal": [50.63922882080078, 396.1764221191406, 103.86402130126953]}, "index": {"distal": [17.049692153930664, 502.2586669921875, 26.50609016418457], "intermediate": [22.795440673828125, 491.4697265625, 37.911590576171875], "proximal": [29.088542938232422, 477.15252685546875, 50.63309097290039], "metacarpal": [37.73384094238281, 454.36212158203125, 66.23629760742188]}, "middle": {"distal": [48.61616134643555, 510.8925476074219, 13.070985794067383], "intermediate": [49.881412506103516, 500.2878112792969, 24.89034652709961], "proximal": [52.316165924072266, 482.8127746582031, 41.879615783691406], "metacarpal": [55.24142837524414, 456.1665954589844, 63.045711517333984]}, "ring": {"distal": [77.92118835449219, 499.1182861328125, 17.445955276489258], "intermediate": [78.14521789550781, 489.900634765625, 28.018312454223633], "proximal": [78.02559661865234, 476.5082702636719, 41.11677551269531], "metacarpal": [75.31089782714844, 450.4486083984375, 59.85248947143555]}, "pinky": {"distal": [109.69740295410156, 474.5218811035156, 23.659473419189453], "intermediate": [106.60176086425781, 467.71966552734375, 33.63667678833008], "proximal": [100.91734313964844, 456.6549987792969, 46.15716552734375], "metacarpal": [90.61796569824219, 439.6761779785156, 58.42547607421875]}, "palm": [60.43724060058594, 435.01141357421875, 71.75035858154297], "wrist": [77.28932189941406, 383.1187744140625, 112.80686950683594]}, {"thumb": {"distal": [5.117893218994141, 462.2146911621094, 76.32953643798828], "intermediate": [11.546998977661133, 448.74542236328125, 84.56681060791016], "proximal": [24.22745704650879, 429.43798828125, 92.6473617553711], "metacarpal": [49.346275329589844, 396.7088623046875, 103.50055694580078]}, "index": {"distal": [21.980592727661133, 507.24005126953125, 26.568321228027344], "intermediate": [26.464460372924805, 495.9271545410156, 38.28484344482422], "proximal": [31.24692153930664, 480.9111633300781, 51.26783752441406], "metacarpal": [37.36634063720703, 456.9893798828125, 67.1622314453125]}, "middle": {"distal": [45.512725830078125, 512.6183471679688, 14.68057632446289], "intermediate": [47.595741271972656, 502.5202941894531, 26.4783992767334], "proximal": [50.99491882324219, 485.321533203125, 43.298255920410156], "metacarpal": [55.041236877441406, 458.6955871582031, 64.10517883300781]}, "ring": {"distal": [69.90072631835938, 503.4735107421875, 21.586353302001953], "intermediate": [71.5324478149414, 493.9240417480469, 31.459043502807617], "proximal": [73.54949951171875, 479.8728942871094, 43.47540283203125], "metacarpal": [75.17521667480469, 452.6220703125, 60.930606842041016]}, "pinky": {"distal": [105.30253601074219, 482.56591796875, 31.11595344543457], "intermediate": [102.76753234863281, 474.03546142578125, 39.2337646484375],