{"Left": [], "Right": [{"thumb": {"distal": [-73.7110595703125, 165.2550811767578, 148.175537109375], "intermediate": [-61.2318229675293, 172.29393005371094, 155.41531372070312], "proximal": [-39.52383804321289, 179.1724395751953, 162.8026885986328], "metacarpal": [1.5133209228515625, 187.81491088867188, 172.70980834960938]}, "index": {"distal": [-116.00341796875, 193.48553466796875, 107.12056732177734], "intermediate": [-101.42868041992188, 197.1182861328125, 114.922607421875], "proximal": [-84.14421081542969, 199.80638122558594, 124.3039321899414], "metacarpal": [-58.57035446166992, 201.4192352294922, 138.85113525390625]}, "middle": {"distal": [-110.33895874023438, 196.11009216308594, 83.05223846435547], "intermediate": [-96.719482421875, 199.8538055419922, 91.37991333007812], "proximal": [-76.82095336914062, 202.67958068847656, 104.01087188720703], "metacarpal": [-49.577457427978516, 201.53729248046875, 123.59583282470703]}, "ring": {"distal": [-88.8388671875, 196.03941345214844, 76.30545806884766], "intermediate": [-76.95034790039062, 198.60348510742188, 83.08149719238281], "proximal": [-61.33589553833008, 200.10169982910156, 91.73173522949219], "metacarpal": [-34.767154693603516, 197.06222534179688, 109.58238983154297]}, "pinky": {"distal": [-59.240230560302734, 197.95997619628906, 63.476654052734375], "intermediate": [-48.91206741333008, 198.14317321777344, 72.24777221679688], "proximal": [-35.118900299072266, 195.84446716308594, 84.86983489990234], "metacarpal": [-19.385005950927734, 189.8844757080078, 102.15768432617188]}, "palm": [-29.845638275146484, 193.3870391845703, 133.09747314453125], "wrist": [29.890024185180664, 185.0720977783203, 164.80677795410156]}, {"thumb": {"distal": [87.68492889404297, 339.7187805175781, -15.37078857421875], "intermediate": [95.26844787597656, 332.8662109375, -3.512977123260498], "proximal": [107.94541931152344, 321.9111022949219, 11.693812370300293], "metacarpal": [131.0886993408203, 304.3687744140625, 39.8477668762207]}, "index": {"distal": [114.72271728515625, 355.26824951171875, -83.0290298461914], "intermediate": [118.18180847167969, 352.55718994140625, -67.30147552490234], "proximal": [121.7596435546875, 347.60992431640625, -48.630985260009766], "metacarpal": [126.7344970703125, 336.89190673828125, -22.43014144897461]}, "middle": {"distal": [139.56607055664062, 339.6427307128906, -99.8692626953125], "intermediate": [141.57037353515625, 341.09124755859375, -83.46936798095703], "proximal": [143.5666046142578, 340.4352722167969, -58.71269226074219], "metacarpal": [144.47218322753906, 334.2232971191406, -24.82666015625]}, "ring": {"distal": [160.86862182617188, 334.7164001464844, -88.20947265625], "intermediate": [163.07620239257812, 335.3200378417969, -73.62440490722656], "proximal": [164.58338928222656, 333.8458557128906, -54.67500686645508], "metacarpal": [163.51812744140625, 325.0151672363281, -23.179759979248047]}, "pinky": {"distal": [193.14404296875, 316.15509033203125, -69.38236236572266], "intermediate": [191.95863342285156, 317.9626770019531, -56.329795837402344], "proximal": [187.61727905273438, 318.028076171875, -38.48427963256836], "metacarpal": [177.14031982421875, 313.0592346191406, -17.718521118164062]}, "palm": [146.5486297607422, 319.90301513671875, -6.333252906799316], "wrist": [155.17356872558594, 293.4679260253906, 55.82557678222656]}, {"thumb": {"distal": [-88.77774047851562, 306.6930236816406, 68.24504852294922], "intermediate": [-74.14634704589844, 304.2166442871094, 72.78349304199219], "proximal": [-52.23643112182617, 300.8923645019531, 77.27473449707031], "metacarpal": [-14.233489990234375, 297.2568054199219, 88.72628784179688]}, "index": {"distal": [-111.8114013671875, 335.57891845703125, -0.5588532090187073], "intermediate": [-98.96638488769531, 334.1638488769531, 11.051557540893555], "proximal": [-83.786376953125, 330.5753173828125, 24.509645462036133], "metacarpal": [-61.82538986206055, 322.7989501953125, 43.00838851928711]}, "middle": {"distal": [-92.67230224609375, 339.5426330566406, -27.950029373168945], "intermediate": [-83.10050964355469, 339.4706115722656, -14.382164001464844], "proximal": [-68.84716796875, 336.5441589355469, 5.365979194641113], "metacarpal": [-48.2515983581543, 328.1268005371094, 32.4029426574707]}, "ring": {"distal": [-68.2601318359375, 346.26031494140625, -26.698108673095703], "intermediate": [-59.394710540771484, 344.6325378417969, -15.208527565002441], "proximal": [-48.09926986694336, 340.3116149902344, -0.9879732728004456], "metacarpal": [-29.043140411376953, 328.5203857421875, 23.085187911987305]}, "pinky": {"distal": [-29.401500701904297, 342.78179931640625, -29.055505752563477], "intermediate": [-24.331710815429688, 340.99853515625, -17.158798217773438], "proximal": [-18.009754180908203, 335.7911682128906, -1.12334144115448], "metacarpal": [-11.109638214111328, 324.28533935546875, 18.892202377319336]}, "palm": [-31.64962387084961, 316.8553771972656, 44.53261947631836], "wrist": [16.24474334716797, 297.296142578125, 89.4964599609375]}, {"thumb": {"distal": [0.7671089172363281, 346.1131286621094, 16.52948570251465], "intermediate": [13.644775390625, 341.2547302246094, 24.853660583496094], "proximal": [33.19618225097656, 333.96063232421875, 35.13317108154297], "metacarpal": [66.40499877929688, 323.7092590332031, 58.57573318481445]}, "index": {"distal": [9.895748138427734, 377.7084045410156, -55.5616569519043], "intermediate": [17.913740158081055, 374.5179748535156, -40.55381774902344], "proximal": [27.108253479003906, 368.8332214355469, -23.107749938964844], "metacarpal": [40.33439254760742, 357.6981201171875, 1.295619249343872]}, "middle": {"distal": [33.97241973876953, 375.0907897949219, -77.26492309570312], "intermediate": [39.48219299316406, 373.885498046875, -61.24184036254883], "proximal": [47.183353424072266, 369.42193603515625, -37.681819915771484], "metacarpal": [57.21516418457031, 358.6947326660156, -5.522406578063965]}, "ring": {"distal": [58.521202087402344, 370.5207824707031, -72.23224639892578], "intermediate": [63.52545928955078, 369.4630126953125, -58.00857162475586], "proximal": [69.321533203125, 365.6259460449219, -39.85811233520508], "metacarpal": [77.59466552734375, 353.2486877441406, -9.257427215576172]}, "pinky": {"distal": [92.27146911621094, 355.57318115234375, -60.91999435424805], "intermediate": [94.21118927001953, 355.52838134765625, -48.06299591064453], "proximal": [95.45204162597656, 352.73736572265625, -30.26260757446289], "metacarpal": [94.16517639160156, 343.989013671875, -8.331175804138184]}, "palm": [66.49847412109375, 344.1307373046875, 10.893383026123047], "wrist": [95.18428039550781, 316.48077392578125, 67.39496612548828]}, {"thumb": {"distal": [46.20975112915039, 346.9143981933594, -13.147557258605957], "intermediate": [57.58152770996094, 341.0117492675781, -3.131803512573242], "proximal": [75.23735809326172, 331.86407470703125, 9.259420394897461], "metacarpal": [105.73423767089844, 318.8582458496094, 34.86848831176758]}, "index": {"distal": [65.52577209472656, 367.3497314453125, -85.98507690429688], "intermediate": [71.17976379394531, 365.31884765625, -70.47249603271484], "proximal": [77.43833923339844, 360.7030334472656, -52.12352752685547], "metacarpal": [86.59242248535156, 350.3681945800781, -26.26303482055664]}, "middle": {"distal": [87.60324096679688, 354.226806640625, -106.49642181396484], "intermediate": [92.06918334960938, 356.3606262207031, -90.25350189208984], "proximal": [97.74821472167969, 356.3323974609375, -65.65270233154297], "metacarpal": [104.127685546875, 349.8409118652344, -31.58580207824707]}, "ring": {"distal": [112.26777648925781, 354.2919006347656, -98.72740173339844], "intermediate": [116.13485717773438, 355.0861511230469, -84.20679473876953], "proximal": [120.13090515136719, 353.3248291015625, -65.32443237304688], "metacarpal": [124.41616821289062, 343.04180908203125, -33.34383010864258]}, "pinky": {"distal": [141.0972442626953, 338.9765625, -84.0740966796875],