{"Left": [], "Right": [{"thumb": {"distal": [16.2282772064209, 295.5321960449219, -6.083661079406738], "intermediate": [26.51510238647461, 291.90203857421875, 6.151370048522949], "proximal": [44.068973541259766, 285.31744384765625, 21.157548904418945], "metacarpal": [74.615478515625, 275.3027648925781, 50.08414077758789]}, "index": {"distal": [29.64703369140625, 321.8465881347656, -70.01953125], "intermediate": [36.76322937011719, 321.952880859375, -54.3328971862793], "proximal": [44.936798095703125, 319.3577880859375, -35.645835876464844], "metacarpal": [56.32775115966797, 310.0890808105469, -9.563542366027832]}, "middle": {"distal": [57.873741149902344, 316.58319091796875, -88.2375717163086], "intermediate": [62.40818405151367, 318.85736083984375, -72.26115417480469], "proximal": [68.0951919555664, 318.41668701171875, -47.94108200073242], "metacarpal": [73.79843139648438, 309.8811340332031, -14.64102840423584]}, "ring": {"distal": [79.57981872558594, 313.79119873046875, -79.95891571044922], "intermediate": [84.19392395019531, 315.3352355957031, -66.05663299560547], "proximal": [89.099853515625, 314.10504150390625, -47.56805419921875], "metacarpal": [94.01868438720703, 303.08599853515625, -16.283485412597656]}, "pinky": {"distal": [119.3787841796875, 301.5751647949219, -65.95670318603516], "intermediate": [119.44064331054688, 302.5230712890625, -52.9056510925293], "proximal": [117.10800170898438, 300.7685546875, -34.91542053222656], "metacarpal": [109.86563110351562, 292.65850830078125, -13.688163757324219]}, "palm": [80.55964660644531, 294.9523620605469, 2.6704413890838623], "wrist": [102.70262145996094, 267.6385498046875, 62.30427932739258]}, {"thumb": {"distal": [86.96976470947266, 297.4945068359375, -8.429445266723633], "intermediate": [96.50686645507812, 293.1737060546875, 4.903382301330566], "proximal": [112.07022094726562, 285.6672668457031, 22.043638229370117], "metacarpal": [138.7093505859375, 273.7261962890625, 53.63558578491211]}, "index": {"distal": [113.54017639160156, 321.6331481933594, -71.33609008789062], "intermediate": [118.11227416992188, 320.8180847167969, -55.07978820800781], "proximal": [123.115234375, 317.81317138671875, -35.65885543823242], "metacarpal": [130.11781311035156, 308.5134582519531, -8.24212646484375]}, "middle": {"distal": [144.10023498535156, 312.5509948730469, -86.9331283569336], "intermediate": [145.984130859375, 314.9898681640625, -70.31615447998047], "proximal": [147.8203582763672, 314.9290466308594, -45.192604064941406], "metacarpal": [148.28628540039062, 307.5316467285156, -10.834596633911133]}, "ring": {"distal": [163.0428924560547, 310.20928955078125, -75.85445404052734], "intermediate": [165.8306884765625, 311.38360595703125, -60.9356689453125], "proximal": [168.13531494140625, 310.0712585449219, -41.60375213623047], "metacarpal": [168.300537109375, 299.88720703125, -9.731475830078125]}, "pinky": {"distal": [195.37612915039062, 297.489013671875, -57.47431945800781], "intermediate": [195.0370635986328, 298.58428955078125, -44.25144958496094], "proximal": [192.09547424316406, 297.00927734375, -25.939102172851562], "metacarpal": [183.14239501953125, 288.8433532714844, -4.78153133392334]}, "palm": [151.9709930419922, 292.491943359375, 7.325539588928223], "wrist": [164.18878173828125, 264.4048156738281, 69.55715942382812]}, {"thumb": {"distal": [-27.522499084472656, 320.8917236328125, 24.149351119995117], "intermediate": [-15.008071899414062, 317.3160400390625, 33.75215148925781], "proximal": [5.1497955322265625, 311.9239501953125, 45.21980285644531], "metacarpal": [40.47903060913086, 304.250244140625, 66.62816619873047]}, "index": {"distal": [-29.305347442626953, 359.3160400390625, -37.55072021484375], "intermediate": [-19.83026123046875, 356.6781005859375, -23.86794662475586], "proximal": [-8.72061538696289, 351.5351257324219, -7.745891094207764], "metacarpal": [7.308603286743164, 340.69671630859375, 14.692648887634277]}, "middle": {"distal": [-4.925014495849609, 362.9080810546875, -62.86176681518555], "intermediate": [1.7119178771972656, 361.2735900878906, -46.929630279541016], "proximal": [10.978992462158203, 356.0771179199219, -23.743167877197266], "metacarpal": [23.5450439453125, 344.2008972167969, 7.390176296234131]}, "ring": {"distal": [23.34722900390625, 360.9263000488281, -59.011112213134766], "intermediate": [28.64253807067871, 359.6448974609375, -45.0548210144043], "proximal": [34.93860626220703, 355.4290771484375, -27.276142120361328], "metacarpal": [44.18855285644531, 341.77532958984375, 2.031853199005127]}, "pinky": {"distal": [59.20751190185547, 357.0666809082031, -47.53847885131836], "intermediate": [61.292396545410156, 354.564697265625, -34.99833297729492], "proximal": [62.5855598449707, 348.1097106933594, -18.300962448120117], "metacarpal": [61.80282211303711, 334.39520263671875, 0.9841964244842529]}, "palm": [35.48362731933594, 329.3414001464844, 21.52313232421875], "wrist": [70.65609741210938, 300.041259765625, 73.48257446289062]}, {"thumb": {"distal": [-105.465576171875, 262.65631103515625, 104.12085723876953], "intermediate": [-89.82077026367188, 263.0348205566406, 108.84927368164062], "proximal": [-66.60786437988281, 263.5647277832031, 113.37200164794922], "metacarpal": [-26.792530059814453, 265.57208251953125, 125.31551361083984]}, "index": {"distal": [-134.06028747558594, 298.0407409667969, 44.38475036621094], "intermediate": [-120.64704895019531, 299.08721923828125, 55.51922607421875], "proximal": [-104.554931640625, 298.3885498046875, 68.7667465209961], "metacarpal": [-80.80548095703125, 293.3714599609375, 87.1290054321289]}, "middle": {"distal": [-119.54364013671875, 308.7190856933594, 16.998109817504883], "intermediate": [-108.62358093261719, 308.9396667480469, 30.132152557373047], "proximal": [-92.43180847167969, 306.8150939941406, 49.086341857910156], "metacarpal": [-68.72796630859375, 299.42279052734375, 74.94290161132812]}, "ring": {"distal": [-95.60929870605469, 315.3521423339844, 15.253687858581543], "intermediate": [-85.58369445800781, 314.5559387207031, 26.02393341064453], "proximal": [-72.74261474609375, 311.4878845214844, 39.528709411621094], "metacarpal": [-50.79170608520508, 300.8226623535156, 63.23973846435547]}, "pinky": {"distal": [-57.96895980834961, 319.4295654296875, 12.169417381286621], "intermediate": [-51.050411224365234, 316.8984375, 23.060569763183594], "proximal": [-42.45051956176758, 310.57855224609375, 37.93716049194336], "metacarpal": [-33.363773345947266, 297.0748291015625, 56.76801300048828]}, "palm": [-50.428104400634766, 287.6846618652344, 84.46074676513672], "wrist": [3.904012680053711, 266.73822021484375, 122.40335083007812]}, {"thumb": {"distal": [-80.144287109375, 309.4747314453125, 68.57978057861328], "intermediate": [-65.14118957519531, 306.2749938964844, 75.73696899414062], "proximal": [-41.75259017944336, 301.21435546875, 82.76214599609375], "metacarpal": [-1.6021804809570312, 292.94110107421875, 98.90877532958984]}, "index": {"distal": [-93.17771911621094, 339.28717041015625, 7.289737701416016], "intermediate": [-81.63742065429688, 339.6573791503906, 20.481340408325195], "proximal": [-67.73286437988281, 337.8742980957031, 35.892330169677734], "metacarpal": [-47.20065689086914, 330.12310791015625, 57.0001335144043]}, "middle": {"distal": [-78.77972412109375, 346.7630615234375, -12.45798110961914], "intermediate": [-68.87132263183594, 347.5152587890625, 0.9235963821411133], "proximal": [-54.08346939086914, 345.2644348144531, 20.40544891357422], "metacarpal": [-33.054630279541016, 335.6170654296875, 46.859134674072266]}, "ring": {"distal": [-56.488704681396484, 348.1076354980469, -13.95336627960205], "intermediate": [-47.07944869995117, 348.8180236816406, -2.1045258045196533], "proximal": [-34.745731353759766, 346.6744689941406, 12.551000595092773], "metacarpal": [-13.748477935791016, 335.3385925292969, 37.30794906616211]}, "pinky": {"distal": [-20.409770965576172, 340.91058349609375, -16.345718383789062],