{"Left": [], "Right": [{"thumb": {"distal": [-87.42277526855469, 228.2451171875, 100.64788055419922], "intermediate": [-70.00917053222656, 227.6781005859375, 103.15758514404297], "proximal": [-45.4894905090332, 225.3489227294922, 103.81521606445312], "metacarpal": [-3.696826934814453, 221.923828125, 108.36346435546875]}, "index": {"distal": [-117.17918395996094, 246.41307067871094, 54.46786880493164], "intermediate": [-102.82611083984375, 250.73887634277344, 60.45713806152344], "proximal": [-85.33328247070312, 253.52052307128906, 68.05947875976562], "metacarpal": [-59.044002532958984, 251.93618774414062, 79.29109954833984]}, "middle": {"distal": [-109.32684326171875, 257.1571960449219, 24.679241180419922], "intermediate": [-96.40652465820312, 259.64599609375, 32.47447204589844], "proximal": [-77.21514892578125, 259.8744812011719, 45.04798126220703], "metacarpal": [-50.54511642456055, 252.7882537841797, 64.06378936767578]}, "ring": {"distal": [-90.3612060546875, 262.1119079589844, 15.984786033630371], "intermediate": [-78.04295349121094, 262.21331787109375, 22.780364990234375], "proximal": [-62.4237174987793, 259.53369140625, 31.812162399291992], "metacarpal": [-37.178836822509766, 248.14796447753906, 49.19509506225586]}, "pinky": {"distal": [-61.30990982055664, 254.2230987548828, 2.6798853874206543], "intermediate": [-50.585018157958984, 253.59910583496094, 11.196693420410156], "proximal": [-37.550655364990234, 249.40625, 23.51491928100586], "metacarpal": [-23.575359344482422, 239.8003387451172, 40.39291763305664]}, "palm": [-32.992618560791016, 239.81674194335938, 71.44657135009766], "wrist": [23.20761489868164, 215.91192626953125, 99.58959197998047]}, {"thumb": {"distal": [-82.92135620117188, 274.37176513671875, 33.188262939453125], "intermediate": [-68.25439453125, 272.9324951171875, 41.52660369873047], "proximal": [-45.22835922241211, 270.9106750488281, 50.10706329345703], "metacarpal": [-4.995456695556641, 268.1210021972656, 64.70193481445312]}, "index": {"distal": [-95.40415954589844, 319.4772644042969, -17.77516746520996], "intermediate": [-83.70388793945312, 318.83013916015625, -5.927365303039551], "proximal": [-69.71119689941406, 315.794921875, 8.131308555603027], "metacarpal": [-49.357112884521484, 306.570556640625, 26.51695442199707]}, "middle": {"distal": [-76.10972595214844, 337.8888244628906, -40.51473617553711], "intermediate": [-67.00846862792969, 334.2687072753906, -27.886205673217773], "proximal": [-53.5798454284668, 326.303466796875, -9.316235542297363], "metacarpal": [-35.5804328918457, 310.6275329589844, 15.656160354614258]}, "ring": {"distal": [-49.2481803894043, 344.3210144042969, -40.435447692871094], "intermediate": [-41.04526138305664, 338.3861389160156, -29.56109619140625], "proximal": [-31.343719482421875, 328.7896728515625, -16.233285903930664], "metacarpal": [-17.224605560302734, 308.7757873535156, 5.150510311126709]}, "pinky": {"distal": [-15.586620330810547, 330.5884094238281, -42.628170013427734], "intermediate": [-10.614494323730469, 326.16497802734375, -31.959857940673828], "proximal": [-5.190944671630859, 317.16424560546875, -17.70904541015625], "metacarpal": [-0.7893714904785156, 301.7550354003906, -0.8299146890640259]}, "palm": [-20.698101043701172, 295.3682556152344, 24.996244430541992], "wrist": [24.751216888427734, 263.455810546875, 63.89072799682617]}, {"thumb": {"distal": [-44.72421646118164, 325.27264404296875, 66.6590805053711], "intermediate": [-31.73401641845703, 320.3871765136719, 75.06414031982422], "proximal": [-10.931476593017578, 312.9277038574219, 84.6363754272461], "metacarpal": [25.59735870361328, 300.7897644042969, 101.41557312011719]}, "index": {"distal": [-44.63179397583008, 378.41693115234375, 14.081747055053711], "intermediate": [-34.458072662353516, 373.083251953125, 27.055185317993164], "proximal": [-22.84076690673828, 364.67333984375, 41.96010971069336], "metacarpal": [-6.972606658935547, 348.90545654296875, 61.485870361328125]}, "middle": {"distal": [-24.30160140991211, 384.7364196777344, -7.047103404998779], "intermediate": [-16.525524139404297, 379.53619384765625, 6.625000953674316], "proximal": [-5.437236785888672, 369.3465270996094, 26.29216194152832], "metacarpal": [8.259162902832031, 350.9219970703125, 52.2568244934082]}, "ring": {"distal": [3.8955554962158203, 389.25390625, -2.058032751083374], "intermediate": [10.157527923583984, 381.5022277832031, 8.805031776428223], "proximal": [17.450927734375, 369.5917053222656, 22.13237190246582], "metacarpal": [26.817176818847656, 346.03875732421875, 43.27824401855469]}, "pinky": {"distal": [36.63315963745117, 370.394775390625, -2.0044617652893066], "intermediate": [39.681888580322266, 364.4851989746094, 8.66197681427002], "proximal": [42.17961883544922, 353.658203125, 22.38338279724121], "metacarpal": [42.25309371948242, 336.4840087890625, 38.27190399169922]}, "palm": [19.02215576171875, 332.5630187988281, 61.93309020996094], "wrist": [54.53697204589844, 290.6584777832031, 102.45849609375]}, {"thumb": {"distal": [43.61435317993164, 335.739501953125, 53.206382751464844], "intermediate": [52.73833084106445, 328.22100830078125, 65.59211730957031], "proximal": [67.73262023925781, 316.2215576171875, 81.13924407958984], "metacarpal": [93.78020477294922, 295.91131591796875, 108.80473327636719]}, "index": {"distal": [73.2779541015625, 374.5730895996094, 0.36480244994163513], "intermediate": [77.22360229492188, 369.9791259765625, 16.480113983154297], "proximal": [81.17953491210938, 362.507568359375, 35.105690002441406], "metacarpal": [86.16254425048828, 346.9900207519531, 59.87022399902344]}, "middle": {"distal": [101.82533264160156, 373.9291076660156, -14.473207473754883], "intermediate": [102.98454284667969, 370.5487976074219, 1.8178507089614868], "proximal": [104.2872314453125, 362.5514221191406, 25.421138763427734], "metacarpal": [103.93963623046875, 346.04248046875, 56.32538986206055]}, "ring": {"distal": [131.61444091796875, 368.1257629394531, -2.4285788536071777], "intermediate": [131.07464599609375, 363.5002746582031, 11.107427597045898], "proximal": [129.3314208984375, 355.6259765625, 27.909555435180664], "metacarpal": [123.11186218261719, 337.4749450683594, 54.19047927856445]}, "pinky": {"distal": [152.41464233398438, 352.1946716308594, 12.719658851623535], "intermediate": [150.42454528808594, 347.551513671875, 24.244070053100586], "proximal": [145.87550354003906, 339.122314453125, 38.93356704711914], "metacarpal": [136.99815368652344, 324.9002990722656, 55.12043380737305]}, "palm": [106.92459106445312, 326.3838195800781, 69.1770248413086], "wrist": [119.77032470703125, 281.2518615722656, 119.62859344482422]}, {"thumb": {"distal": [66.99446105957031, 334.5632629394531, 51.45915603637695], "intermediate": [73.84919738769531, 326.6878967285156, 64.92086791992188], "proximal": [86.67390441894531, 313.7056884765625, 81.82817840576172], "metacarpal": [110.46940612792969, 291.22247314453125, 110.86990356445312]}, "index": {"distal": [98.99855041503906, 364.01556396484375, -2.2516684532165527], "intermediate": [102.03250122070312, 359.7059326171875, 13.39494800567627], "proximal": [104.97195434570312, 352.662109375, 31.91058349609375], "metacarpal": [108.22337341308594, 338.3181457519531, 57.28884506225586]}, "middle": {"distal": [125.0609130859375, 349.9552001953125, -21.617164611816406], "intermediate": [126.45201110839844, 350.9559326171875, -4.4130940437316895], "proximal": [127.61729431152344, 348.290283203125, 21.17656135559082], "metacarpal": [126.19473266601562, 336.8930969238281, 55.288822174072266]}, "ring": {"distal": [152.2969207763672, 342.5236511230469, -10.639041900634766], "intermediate": [152.4003448486328, 342.40771484375, 4.78680419921875], "proximal": [151.2848358154297, 339.74090576171875, 24.318880081176758], "metacarpal": [145.32208251953125, 328.2431640625, 55.798561096191406]}, "pinky": {"distal": [178.9344482421875, 340.076171875, 16.02914810180664],