{"Left": [], "Right": [{"thumb": {"distal": [-25.541881561279297, 376.67132568359375, 54.55961608886719], "intermediate": [-15.656856536865234, 368.17138671875, 64.35555267333984], "proximal": [-0.10859298706054688, 355.0127868652344, 76.36305236816406], "metacarpal": [26.94915199279785, 333.07293701171875, 98.66146850585938]}, "index": {"distal": [-5.267814636230469, 430.0348815917969, 9.974311828613281], "intermediate": [0.5857009887695312, 420.7981262207031, 23.135873794555664], "proximal": [6.741569519042969, 408.2486267089844, 37.993980407714844], "metacarpal": [14.585746765136719, 387.7351379394531, 57.01866912841797]}, "middle": {"distal": [18.362472534179688, 424.48370361328125, -10.471281051635742], "intermediate": [21.950782775878906, 418.5017395019531, 3.6766273975372314], "proximal": [26.928054809570312, 407.24835205078125, 24.38507843017578], "metacarpal": [31.171812057495117, 387.0309753417969, 51.066978454589844]}, "ring": {"distal": [39.549774169921875, 416.0477600097656, -6.0303802490234375], "intermediate": [43.0837516784668, 410.0625305175781, 5.969541072845459], "proximal": [46.86016082763672, 400.28173828125, 21.340181350708008], "metacarpal": [49.30845642089844, 378.67669677734375, 45.58528137207031]}, "pinky": {"distal": [71.98246002197266, 394.1488342285156, -0.6234552264213562], "intermediate": [71.8785400390625, 389.4154968261719, 11.196742057800293], "proximal": [69.54057312011719, 380.6694641113281, 26.533798217773438], "metacarpal": [62.68621826171875, 366.22528076171875, 43.34657287597656]}, "palm": [35.313785552978516, 366.6240234375, 61.311012268066406], "wrist": [52.355587005615234, 318.66998291015625, 105.67005157470703]}, {"thumb": {"distal": [7.3551177978515625, 387.73779296875, 58.813541412353516], "intermediate": [14.724836349487305, 376.341064453125, 68.3655776977539], "proximal": [26.482200622558594, 359.467041015625, 80.14710235595703], "metacarpal": [47.42192077636719, 331.0225830078125, 102.78302764892578]}, "index": {"distal": [38.577430725097656, 438.623291015625, 18.644655227661133], "intermediate": [41.644996643066406, 427.9599914550781, 31.67700958251953], "proximal": [44.58259582519531, 413.46612548828125, 46.18528747558594], "metacarpal": [47.76947021484375, 390.3837585449219, 63.69500732421875]}, "middle": {"distal": [69.66519927978516, 435.6186828613281, 6.163641929626465], "intermediate": [69.34706115722656, 427.57208251953125, 19.558555603027344], "proximal": [68.61549377441406, 413.01507568359375, 38.801212310791016], "metacarpal": [65.50973510742188, 389.2176513671875, 61.95283889770508]}, "ring": {"distal": [86.1326904296875, 422.84930419921875, 11.819645881652832], "intermediate": [86.99547576904297, 415.8041076660156, 23.954174041748047], "proximal": [87.37922668457031, 404.2906188964844, 39.10623550415039], "metacarpal": [84.54304504394531, 380.0374755859375, 60.58623123168945]}, "pinky": {"distal": [114.75482177734375, 398.4882507324219, 21.41872215270996], "intermediate": [112.94877624511719, 392.93341064453125, 32.866641998291016], "proximal": [108.06565856933594, 382.8744201660156, 47.0934944152832], "metacarpal": [97.93809509277344, 366.8044738769531, 60.60390090942383]}, "palm": [66.33271789550781, 367.4036560058594, 71.27703094482422], "wrist": [71.24435424804688, 315.14263916015625, 115.8833999633789]}, {"thumb": {"distal": [-170.59307861328125, 286.3116760253906, 127.40425872802734], "intermediate": [-156.0634765625, 280.525146484375, 132.56544494628906], "proximal": [-133.30751037597656, 273.33319091796875, 136.11798095703125], "metacarpal": [-93.30722045898438, 262.13494873046875, 141.24932861328125]}, "index": {"distal": [-193.14337158203125, 327.9739685058594, 76.31461334228516], "intermediate": [-180.33531188964844, 324.06341552734375, 87.33917999267578], "proximal": [-165.1343231201172, 317.92401123046875, 99.43751525878906], "metacarpal": [-142.61448669433594, 306.05291748046875, 114.57466125488281]}, "middle": {"distal": [-178.8746337890625, 346.5817565917969, 58.55559158325195], "intermediate": [-168.3355712890625, 341.0472106933594, 69.70513916015625], "proximal": [-152.39645385742188, 331.1495361328125, 85.30410766601562], "metacarpal": [-129.66653442382812, 314.6011657714844, 105.52848815917969]}, "ring": {"distal": [-153.82229614257812, 352.3135681152344, 56.49531173706055], "intermediate": [-143.8382568359375, 346.3536376953125, 66.1665267944336], "proximal": [-131.36721801757812, 336.9725646972656, 77.38946533203125], "metacarpal": [-111.3614501953125, 317.62725830078125, 95.05391693115234]}, "pinky": {"distal": [-114.50413513183594, 348.6724548339844, 49.72060012817383], "intermediate": [-108.86378479003906, 342.66888427734375, 59.98430633544922], "proximal": [-101.72453308105469, 331.924560546875, 72.935791015625], "metacarpal": [-94.23323059082031, 314.2195739746094, 87.64053344726562]}, "palm": [-113.03903198242188, 298.5212097167969, 110.3950424194336], "wrist": [-62.20901870727539, 263.9844055175781, 141.0696258544922]}, {"thumb": {"distal": [23.241561889648438, 360.9019470214844, 16.439258575439453], "intermediate": [28.993030548095703, 349.9874572753906, 28.489681243896484], "proximal": [40.11127853393555, 332.9586181640625, 42.93952941894531], "metacarpal": [59.96393585205078, 304.643310546875, 67.85704040527344]}, "index": {"distal": [54.423973083496094, 391.5849609375, -36.409996032714844], "intermediate": [56.70242691040039, 385.970458984375, -20.61713218688965], "proximal": [58.811439514160156, 377.03076171875, -2.1170601844787598], "metacarpal": [60.93315887451172, 359.21197509765625, 21.456815719604492]}, "middle": {"distal": [81.97258758544922, 389.9794616699219, -47.133583068847656], "intermediate": [81.96598052978516, 385.9158020019531, -31.44511604309082], "proximal": [81.6501693725586, 376.8690185546875, -8.337965965270996], "metacarpal": [79.02857971191406, 358.426513671875, 20.492088317871094]}, "ring": {"distal": [101.30955505371094, 383.2625732421875, -33.48777770996094], "intermediate": [101.89665222167969, 378.5282287597656, -20.47893524169922], "proximal": [101.95132446289062, 370.1618957519531, -3.888540267944336], "metacarpal": [98.32826232910156, 349.8784484863281, 21.030181884765625]}, "pinky": {"distal": [132.4532928466797, 362.9246826171875, -18.80586051940918], "intermediate": [129.6060028076172, 359.2135009765625, -6.651986598968506], "proximal": [123.5435791015625, 351.44903564453125, 8.568750381469727], "metacarpal": [111.9149169921875, 337.0200500488281, 23.35415267944336]}, "palm": [79.69062805175781, 337.8578796386719, 32.56254196166992], "wrist": [83.59475708007812, 291.135498046875, 83.72540283203125]}, {"thumb": {"distal": [-14.798965454101562, 359.6859130859375, 44.69162368774414], "intermediate": [-6.635334014892578, 349.6026306152344, 54.841041564941406], "proximal": [6.886667251586914, 334.2620544433594, 66.94538879394531], "metacarpal": [31.02051544189453, 308.5822448730469, 89.71390533447266]}, "index": {"distal": [6.299125671386719, 391.9466552734375, -15.269329071044922], "intermediate": [11.12619400024414, 386.8429870605469, 0.3594622015953064], "proximal": [16.566904067993164, 378.4604187011719, 18.32416343688965], "metacarpal": [23.837472915649414, 361.90875244140625, 41.8155403137207]}, "middle": {"distal": [31.139667510986328, 394.1651611328125, -28.38054847717285], "intermediate": [33.90606689453125, 389.79443359375, -12.699918746948242], "proximal": [37.86653137207031, 380.4150085449219, 10.187036514282227], "metacarpal": [41.733680725097656, 362.0374755859375, 39.26346206665039]}, "ring": {"distal": [55.23662185668945, 390.0846862792969, -17.52766990661621], "intermediate": [57.54129409790039, 384.7757873535156, -4.119283676147461], "proximal": [60.03038024902344, 375.56475830078125, 12.738912582397461], "metacarpal": [61.55275344848633, 354.4532470703125, 38.276206970214844]}, "pinky": {"distal": [88.18704986572266, 370.02215576171875, -5.825304985046387],