{"Left": [], "Right": [{"thumb": {"distal": [-95.60293579101562, 193.56048583984375, 70.46717071533203], "intermediate": [-82.05575561523438, 191.29261779785156, 78.23616027832031], "proximal": [-60.0915641784668, 186.22691345214844, 85.18387603759766], "metacarpal": [-21.829330444335938, 176.1855010986328, 96.14156341552734]}, "index": {"distal": [-121.71455383300781, 207.0773162841797, 13.402650833129883], "intermediate": [-108.21992492675781, 208.3187255859375, 23.997154235839844], "proximal": [-92.49461364746094, 207.82785034179688, 36.37126922607422], "metacarpal": [-69.60543823242188, 203.2183074951172, 54.22547149658203]}, "middle": {"distal": [-106.10588073730469, 215.01416015625, -9.841727256774902], "intermediate": [-94.95332336425781, 214.46307373046875, 1.487431287765503], "proximal": [-79.05879211425781, 211.56036376953125, 17.728368759155273], "metacarpal": [-57.533023834228516, 204.0279541015625, 41.40865707397461]}, "ring": {"distal": [-83.61013793945312, 210.54745483398438, -15.384631156921387], "intermediate": [-73.94158935546875, 210.290771484375, -5.6501288414001465], "proximal": [-61.425785064697266, 207.89163208007812, 6.779982566833496], "metacarpal": [-40.6960563659668, 199.04769897460938, 30.099790573120117]}, "pinky": {"distal": [-47.27962875366211, 200.43553161621094, -20.210193634033203], "intermediate": [-41.11354446411133, 200.18788146972656, -9.909683227539062], "proximal": [-33.35588455200195, 197.6273193359375, 4.773870944976807], "metacarpal": [-25.14517593383789, 190.5828399658203, 24.733951568603516]}, "palm": [-41.81760025024414, 191.75537109375, 52.9217529296875], "wrist": [6.994415283203125, 173.85162353515625, 95.10187530517578]}, {"thumb": {"distal": [-65.10195922851562, 295.9707336425781, 60.94603729248047], "intermediate": [-52.05526351928711, 290.6244201660156, 68.16150665283203], "proximal": [-31.531047821044922, 282.6459045410156, 76.03166961669922], "metacarpal": [3.8834915161132812, 270.7359313964844, 93.1875]}, "index": {"distal": [-73.33821105957031, 332.259033203125, -1.1807812452316284], "intermediate": [-62.73422622680664, 328.56756591796875, 11.422040939331055], "proximal": [-50.46847152709961, 322.181640625, 26.10259437561035], "metacarpal": [-33.18265914916992, 309.490966796875, 46.40317916870117]}, "middle": {"distal": [-54.5925178527832, 332.94244384765625, -26.462932586669922], "intermediate": [-46.338741302490234, 331.1393737792969, -12.041454315185547], "proximal": [-34.31264877319336, 325.5061950683594, 8.905460357666016], "metacarpal": [-17.88028335571289, 312.68890380859375, 37.32313919067383]}, "ring": {"distal": [-27.436771392822266, 333.20269775390625, -24.919923782348633], "intermediate": [-20.446956634521484, 330.5931701660156, -12.503613471984863], "proximal": [-11.812152862548828, 324.8180847167969, 3.189164161682129], "metacarpal": [1.7514934539794922, 309.4985046386719, 29.527013778686523]}, "pinky": {"distal": [7.357303619384766, 323.3649597167969, -22.99687385559082], "intermediate": [11.275348663330078, 321.019287109375, -10.528841018676758], "proximal": [15.518985748291016, 314.80560302734375, 6.256350040435791], "metacarpal": [18.66899871826172, 301.67913818359375, 26.51288414001465]}, "palm": [-5.209194183349609, 297.02093505859375, 49.687416076660156], "wrist": [33.42376708984375, 266.2881164550781, 97.80718231201172]}, {"thumb": {"distal": [48.65830993652344, 304.3617248535156, 8.8035249710083], "intermediate": [57.25464630126953, 296.76678466796875, 21.088680267333984], "proximal": [71.16870880126953, 284.597900390625, 36.423309326171875], "metacarpal": [96.03713989257812, 265.662109375, 64.90779876708984]}, "index": {"distal": [67.26953125, 323.975341796875, -55.391578674316406], "intermediate": [72.25182342529297, 320.15216064453125, -39.82358932495117], "proximal": [77.6820068359375, 313.7769470214844, -21.494869232177734], "metacarpal": [85.26701354980469, 301.3692321777344, 4.36302375793457]}, "middle": {"distal": [89.44406127929688, 310.4664001464844, -76.06692504882812], "intermediate": [93.17733001708984, 310.7183532714844, -59.257564544677734], "proximal": [97.96321105957031, 308.2615966796875, -34.14119338989258], "metacarpal": [102.9237060546875, 299.37213134765625, 0.396164208650589]}, "ring": {"distal": [115.57801818847656, 305.9809265136719, -64.8289794921875], "intermediate": [118.45242309570312, 305.4735412597656, -50.189022064208984], "proximal": [121.01634216308594, 302.3506774902344, -31.400867462158203], "metacarpal": [122.40463256835938, 290.5766296386719, -0.017510008066892624]}, "pinky": {"distal": [146.28646850585938, 287.42376708984375, -47.0600700378418], "intermediate": [146.49574279785156, 287.9705505371094, -34.38677215576172], "proximal": [144.23960876464844, 286.1791687011719, -16.992874145507812], "metacarpal": [136.86976623535156, 278.673828125, 3.687467336654663]}, "palm": [106.99728393554688, 284.0612487792969, 18.07111358642578], "wrist": [120.67666625976562, 255.79571533203125, 79.3644027709961]}, {"thumb": {"distal": [-8.743354797363281, 325.2751770019531, 33.736114501953125], "intermediate": [2.440113067626953, 317.51702880859375, 43.37976837158203], "proximal": [18.935522079467773, 305.4135437011719, 55.54730987548828], "metacarpal": [47.59998321533203, 287.0892028808594, 79.58804321289062]}, "index": {"distal": [0.8437633514404297, 358.518310546875, -29.828996658325195], "intermediate": [8.184183120727539, 351.5876770019531, -16.02873992919922], "proximal": [16.37188720703125, 341.99688720703125, 0.12039453536272049], "metacarpal": [27.791786193847656, 326.45849609375, 23.085973739624023]}, "middle": {"distal": [23.090211868286133, 351.2072448730469, -52.67853927612305], "intermediate": [28.223892211914062, 346.7469177246094, -37.4294319152832], "proximal": [35.48313903808594, 338.5866394042969, -14.999780654907227], "metacarpal": [44.395355224609375, 324.58087158203125, 16.253408432006836]}, "ring": {"distal": [53.813194274902344, 343.6759033203125, -47.91626739501953], "intermediate": [56.743263244628906, 339.2314758300781, -34.34003448486328], "proximal": [59.938350677490234, 331.8341979980469, -17.142545700073242], "metacarpal": [63.30994415283203, 315.74456787109375, 11.954580307006836]}, "pinky": {"distal": [81.81715393066406, 324.1068420410156, -37.232540130615234], "intermediate": [82.42568969726562, 321.2442321777344, -24.719144821166992], "proximal": [81.69093322753906, 315.0244445800781, -7.914112091064453], "metacarpal": [77.85826873779297, 303.6471862792969, 12.498930931091309]}, "palm": [50.97385025024414, 308.27215576171875, 32.17182540893555], "wrist": [74.63282775878906, 275.8735046386719, 88.66316223144531]}, {"thumb": {"distal": [-87.8204345703125, 288.22296142578125, 96.61482238769531], "intermediate": [-74.45928955078125, 283.34234619140625, 103.2560806274414], "proximal": [-53.77426528930664, 275.5888977050781, 110.3773193359375], "metacarpal": [-17.490177154541016, 263.456787109375, 124.00971984863281]}, "index": {"distal": [-100.37310791015625, 335.9883117675781, 41.692447662353516], "intermediate": [-89.30099487304688, 329.2564392089844, 52.138648986816406], "proximal": [-76.47630310058594, 319.63555908203125, 64.35244750976562], "metacarpal": [-58.32515335083008, 303.5989990234375, 81.64269256591797]}, "middle": {"distal": [-82.27899169921875, 341.35052490234375, 14.685418128967285], "intermediate": [-73.84359741210938, 335.19696044921875, 27.289928436279297], "proximal": [-61.28731155395508, 324.31964111328125, 45.60427474975586], "metacarpal": [-43.97640609741211, 306.4707336425781, 71.23306274414062]}, "ring": {"distal": [-52.33938217163086, 346.353271484375, 16.934804916381836], "intermediate": [-45.70711135864258, 337.71856689453125, 27.027847290039062], "proximal": [-37.68137741088867, 325.46484375, 39.638397216796875], "metacarpal": [-25.268226623535156, 303.06439208984375, 61.395694732666016]}, "pinky": {"distal": [-21.5892333984375, 331.915283203125, 16.55266571044922],