{"Left": [], "Right": [{"thumb": {"distal": [-43.352054595947266, 290.36993408203125, 51.69449234008789], "intermediate": [-28.433914184570312, 288.3122863769531, 55.222476959228516], "proximal": [-6.038398742675781, 286.8451843261719, 58.10230255126953], "metacarpal": [32.220420837402344, 285.50177001953125, 65.98481750488281]}, "index": {"distal": [-69.39939880371094, 343.5569152832031, 6.672699451446533], "intermediate": [-55.66623306274414, 340.63714599609375, 15.883382797241211], "proximal": [-39.691219329833984, 335.2618103027344, 25.928958892822266], "metacarpal": [-16.519203186035156, 324.0838623046875, 38.08750915527344]}, "middle": {"distal": [-56.82491683959961, 351.5172424316406, -19.4917049407959], "intermediate": [-45.49867630004883, 349.0125427246094, -9.036314964294434], "proximal": [-28.716716766357422, 342.8514404296875, 6.293235778808594], "metacarpal": [-4.8401947021484375, 329.27215576171875, 26.33902931213379]}, "ring": {"distal": [-32.12916946411133, 353.8249206542969, -25.317428588867188], "intermediate": [-21.876262664794922, 350.8664855957031, -15.805298805236816], "proximal": [-9.039043426513672, 344.7584533691406, -4.360912799835205], "metacarpal": [11.679824829101562, 328.885498046875, 13.857157707214355]}, "pinky": {"distal": [-0.28104209899902344, 346.5550842285156, -31.423704147338867], "intermediate": [7.611776351928711, 343.9923400878906, -22.309518814086914], "proximal": [17.33098030090332, 337.2934875488281, -9.66915225982666], "metacarpal": [27.115224838256836, 323.3063049316406, 5.51046895980835]}, "palm": [11.240966796875, 314.3544921875, 32.16394805908203], "wrist": [59.59152603149414, 282.0970764160156, 62.432735443115234]}, {"thumb": {"distal": [-13.821918487548828, 333.26507568359375, 27.9415340423584], "intermediate": [-1.5913467407226562, 326.32025146484375, 36.2085075378418], "proximal": [18.52875518798828, 315.8024597167969, 44.456459045410156], "metacarpal": [53.57328796386719, 297.6898193359375, 60.00630569458008]}, "index": {"distal": [-15.47524642944336, 378.0068359375, -19.78877067565918], "intermediate": [-5.288883209228516, 372.5274353027344, -7.459430694580078], "proximal": [6.152194976806641, 363.9778137207031, 6.241561412811279], "metacarpal": [21.718578338623047, 347.63671875, 23.64052963256836]}, "middle": {"distal": [2.7979278564453125, 384.28997802734375, -39.87372589111328], "intermediate": [10.964401245117188, 379.70782470703125, -26.965686798095703], "proximal": [22.391279220581055, 369.771240234375, -8.463208198547363], "metacarpal": [36.8442268371582, 350.64202880859375, 15.05095386505127]}, "ring": {"distal": [24.11025619506836, 377.1579284667969, -42.26480484008789], "intermediate": [32.14152908325195, 373.5473327636719, -30.348552703857422], "proximal": [41.704551696777344, 365.8658752441406, -15.87483024597168], "metacarpal": [55.35206985473633, 346.5005187988281, 6.422492504119873]}, "pinky": {"distal": [56.65644454956055, 359.1856994628906, -43.84068298339844], "intermediate": [61.74059295654297, 357.3221740722656, -32.50286865234375], "proximal": [67.1502456665039, 351.2221374511719, -16.810638427734375], "metacarpal": [70.6065902709961, 337.4234619140625, 1.5531888008117676]}, "palm": [47.370540618896484, 331.7597351074219, 23.58263397216797], "wrist": [82.03169250488281, 288.97528076171875, 62.29645919799805]}, {"thumb": {"distal": [74.8337173461914, 364.89825439453125, 16.792089462280273], "intermediate": [82.3288345336914, 354.60015869140625, 28.557798385620117], "proximal": [96.2406005859375, 338.1829833984375, 40.73453140258789], "metacarpal": [121.56446838378906, 309.50823974609375, 59.51325225830078]}, "index": {"distal": [89.23664855957031, 400.2193603515625, -26.772022247314453], "intermediate": [96.16949462890625, 394.43389892578125, -13.171924591064453], "proximal": [103.50578308105469, 385.3450622558594, 2.0864570140838623], "metacarpal": [112.61788940429688, 367.317138671875, 21.132640838623047]}, "middle": {"distal": [116.33055114746094, 406.29290771484375, -42.774959564208984], "intermediate": [120.37596130371094, 400.2732849121094, -28.708499908447266], "proximal": [125.280029296875, 388.2948913574219, -8.608858108520508], "metacarpal": [129.45631408691406, 366.4023742675781, 15.951390266418457]}, "ring": {"distal": [137.3826446533203, 397.1351623535156, -38.99846649169922], "intermediate": [141.41883850097656, 391.1791687011719, -26.5391788482666], "proximal": [145.08148193359375, 380.844970703125, -11.462510108947754], "metacarpal": [147.70046997070312, 357.6896057128906, 10.810975074768066]}, "pinky": {"distal": [158.8438262939453, 368.8405456542969, -38.62965393066406], "intermediate": [162.30397033691406, 366.3584289550781, -26.38486099243164], "proximal": [164.12173461914062, 359.33941650390625, -9.861083984375], "metacarpal": [160.794677734375, 344.785888671875, 8.297779083251953]}, "palm": [132.60287475585938, 345.0989990234375, 24.94116973876953], "wrist": [146.6381072998047, 293.88250732421875, 66.80569458007812]}, {"thumb": {"distal": [-52.73928451538086, 326.6670227050781, 97.00741577148438], "intermediate": [-37.48740005493164, 320.0998229980469, 101.18218231201172], "proximal": [-14.222091674804688, 311.9177551269531, 104.36233520507812], "metacarpal": [25.04537582397461, 298.3760070800781, 112.62153625488281]}, "index": {"distal": [-62.40327072143555, 385.8240051269531, 62.434654235839844], "intermediate": [-50.09016036987305, 378.7222595214844, 71.59957885742188], "proximal": [-35.983463287353516, 368.64556884765625, 81.4413833618164], "metacarpal": [-15.995014190673828, 351.25048828125, 93.15042114257812]}, "middle": {"distal": [-48.70817947387695, 398.43328857421875, 44.840049743652344], "intermediate": [-38.59553146362305, 391.13525390625, 53.25754928588867], "proximal": [-23.608287811279297, 378.1883544921875, 65.6589584350586], "metacarpal": [-3.601287841796875, 356.0785217285156, 81.63452911376953]}, "ring": {"distal": [-25.890987396240234, 395.33154296875, 34.852970123291016], "intermediate": [-16.05093002319336, 388.5474548339844, 43.16151809692383], "proximal": [-4.536838531494141, 377.6130676269531, 53.055877685546875], "metacarpal": [12.339706420898438, 354.50921630859375, 68.11100006103516]}, "pinky": {"distal": [1.039743423461914, 383.4284973144531, 28.53801155090332], "intermediate": [8.873233795166016, 377.3585205078125, 36.3222770690918], "proximal": [17.995595932006836, 365.9859619140625, 46.35231018066406], "metacarpal": [26.22554588317871, 347.1261291503906, 58.03901290893555]}, "palm": [9.318138122558594, 337.0430908203125, 84.25991821289062], "wrist": [52.982784271240234, 291.4585876464844, 107.10700225830078]}, {"thumb": {"distal": [26.960063934326172, 344.85858154296875, 36.41106414794922], "intermediate": [36.86162185668945, 335.6235656738281, 47.01559066772461], "proximal": [54.13001251220703, 320.85052490234375, 57.34246826171875], "metacarpal": [85.67460632324219, 294.8893127441406, 73.60549926757812]}, "index": {"distal": [30.689411163330078, 384.3125, -8.441953659057617], "intermediate": [40.614959716796875, 378.9361572265625, 5.051451683044434], "proximal": [51.518253326416016, 370.01971435546875, 19.905052185058594], "metacarpal": [65.13452911376953, 352.2479553222656, 38.30613327026367]}, "middle": {"distal": [50.70674133300781, 385.66436767578125, -28.9906005859375], "intermediate": [58.575927734375, 381.8264465332031, -15.148266792297363], "proximal": [69.16118621826172, 372.3462219238281, 4.819088459014893], "metacarpal": [80.673095703125, 352.3266906738281, 29.931947708129883]}, "ring": {"distal": [75.85757446289062, 378.3807067871094, -29.392906188964844], "intermediate": [82.52317810058594, 374.3704833984375, -17.39949607849121], "proximal": [89.94622802734375, 366.0065612792969, -2.2698426246643066], "metacarpal": [98.05410766601562, 344.6802978515625, 21.462892532348633]}, "pinky": {"distal": [101.03155517578125, 356.3488464355469, -27.463207244873047],