{"Left": [], "Right": [{"thumb": {"distal": [14.431285858154297, 124.54073333740234, 167.8648223876953], "intermediate": [21.79701042175293, 125.49469757080078, 184.0576171875], "proximal": [37.42201614379883, 124.4365463256836, 205.54624938964844], "metacarpal": [68.168212890625, 120.12555694580078, 239.18495178222656]}, "index": {"distal": [36.05580520629883, 137.14962768554688, 117.2615737915039], "intermediate": [40.282806396484375, 139.78440856933594, 131.1983642578125], "proximal": [45.12364959716797, 139.96914672851562, 148.4180450439453], "metacarpal": [52.07227325439453, 135.947021484375, 173.61843872070312]}, "middle": {"distal": [59.69022750854492, 132.91229248046875, 105.885986328125], "intermediate": [62.202781677246094, 136.9710235595703, 118.12663269042969], "proximal": [66.24794006347656, 139.542724609375, 138.64453125], "metacarpal": [68.91354370117188, 135.13951110839844, 169.98825073242188]}, "ring": {"distal": [77.4576416015625, 135.21051025390625, 111.99366760253906], "intermediate": [80.39175415039062, 137.15945434570312, 123.99535369873047], "proximal": [84.13253784179688, 136.67620849609375, 140.76512145996094], "metacarpal": [88.7645263671875, 129.28250122070312, 170.6639404296875]}, "pinky": {"distal": [118.08421325683594, 127.83901977539062, 128.49952697753906], "intermediate": [115.94862365722656, 128.21286010742188, 140.35821533203125], "proximal": [111.63491821289062, 126.62890625, 156.4403839111328], "metacarpal": [104.6026611328125, 120.91568756103516, 176.15951538085938]}, "palm": [75.46517944335938, 126.26933288574219, 190.0376434326172], "wrist": [96.98020935058594, 121.46611022949219, 253.46194458007812]}, {"thumb": {"distal": [-20.488685607910156, 337.74871826171875, 31.129568099975586], "intermediate": [-12.513866424560547, 331.2150573730469, 45.67477798461914], "proximal": [2.2226104736328125, 320.6019592285156, 63.55500793457031], "metacarpal": [29.200973510742188, 302.8667297363281, 94.21572875976562]}, "index": {"distal": [0.6857357025146484, 378.45037841796875, -18.971784591674805], "intermediate": [4.833362579345703, 374.2625427246094, -2.575204610824585], "proximal": [9.758197784423828, 366.8628845214844, 16.351552963256836], "metacarpal": [17.082813262939453, 351.3506774902344, 41.54199981689453]}, "middle": {"distal": [22.846176147460938, 365.692626953125, -37.20424270629883], "intermediate": [25.948944091796875, 367.4816589355469, -20.106672286987305], "proximal": [30.381038665771484, 365.82879638671875, 5.750023365020752], "metacarpal": [35.092254638671875, 353.9444580078125, 39.650978088378906]}, "ring": {"distal": [44.53511047363281, 365.2536315917969, -25.546720504760742], "intermediate": [47.946346282958984, 365.87982177734375, -10.52187442779541], "proximal": [51.76994705200195, 363.3152160644531, 8.923575401306152], "metacarpal": [55.90543746948242, 349.312744140625, 40.021488189697266]}, "pinky": {"distal": [86.10488891601562, 364.73785400390625, -3.501971960067749], "intermediate": [84.39492797851562, 361.6298522949219, 9.27396297454834], "proximal": [80.38639831542969, 354.34320068359375, 25.781171798706055], "metacarpal": [72.12828063964844, 339.6675109863281, 42.90576171875]}, "palm": [40.44398498535156, 335.2047119140625, 53.97818374633789], "wrist": [55.856815338134766, 295.3813171386719, 109.90626525878906]}, {"thumb": {"distal": [-33.02907180786133, 364.4162902832031, 1.9045640230178833], "intermediate": [-23.503231048583984, 356.86279296875, 13.766210556030273], "proximal": [-6.806938171386719, 345.1139831542969, 28.356075286865234], "metacarpal": [22.991243362426758, 325.66693115234375, 54.0596923828125]}, "index": {"distal": [-5.788959503173828, 406.8515625, -54.49534606933594], "intermediate": [-2.1349143981933594, 401.45111083984375, -37.978424072265625], "proximal": [1.295114517211914, 392.94439697265625, -18.970510482788086], "metacarpal": [5.710147857666016, 376.1051940917969, 5.54356575012207]}, "middle": {"distal": [28.826248168945312, 335.5816345214844, 6.663887023925781], "intermediate": [24.02542495727539, 340.0538024902344, -8.32376766204834], "proximal": [19.700546264648438, 359.5766906738281, -20.370235443115234], "metacarpal": [23.32354736328125, 379.4794616699219, 2.5280377864837646]}, "ring": {"distal": [39.705047607421875, 332.59521484375, -9.413812637329102], "intermediate": [39.223602294921875, 342.27960205078125, -20.919631958007812], "proximal": [40.95813751220703, 360.22906494140625, -25.949153900146484], "metacarpal": [44.37864685058594, 375.85308837890625, 1.0119847059249878]}, "pinky": {"distal": [66.00852966308594, 387.1593933105469, -50.045188903808594], "intermediate": [65.63943481445312, 385.0647277832031, -36.91104507446289], "proximal": [65.08958435058594, 380.3026123046875, -18.48922348022461], "metacarpal": [61.11064910888672, 366.8630676269531, 2.0183937549591064]}, "palm": [30.33056640625, 360.4784851074219, 15.201128959655762], "wrist": [50.578216552734375, 320.0609436035156, 68.44900512695312]}, {"thumb": {"distal": [-41.794986724853516, 366.6337585449219, 9.75423526763916], "intermediate": [-31.587677001953125, 359.5293884277344, 20.110015869140625], "proximal": [-14.051769256591797, 348.40869140625, 32.681400299072266], "metacarpal": [16.841297149658203, 330.4158020019531, 55.70351028442383]}, "index": {"distal": [-14.628047943115234, 397.3734436035156, -59.09980773925781], "intermediate": [-11.101238250732422, 395.0717468261719, -42.20005798339844], "proximal": [-7.724948883056641, 390.0427551269531, -22.216629028320312], "metacarpal": [-2.6405258178710938, 377.19940185546875, 4.472574234008789]}, "middle": {"distal": [22.06948471069336, 337.9935607910156, 12.418825149536133], "intermediate": [16.564741134643555, 340.26422119140625, -2.3251867294311523], "proximal": [10.749740600585938, 357.5359802246094, -17.195039749145508], "metacarpal": [14.783218383789062, 380.6773376464844, 0.8564549088478088]}, "ring": {"distal": [28.41800308227539, 331.20135498046875, -4.2947564125061035], "intermediate": [27.800140380859375, 340.1883544921875, -16.9702091217041], "proximal": [29.567529678344727, 358.0885925292969, -24.70734405517578], "metacarpal": [35.82878875732422, 377.4493713378906, -0.834993302822113]}, "pinky": {"distal": [56.19778823852539, 385.14520263671875, -53.22716522216797], "intermediate": [56.19124221801758, 384.0581970214844, -40.08451461791992], "proximal": [56.08389663696289, 380.714599609375, -21.410266876220703], "metacarpal": [52.76860809326172, 368.9846496582031, 0.47356510162353516]}, "palm": [22.503108978271484, 362.75799560546875, 14.586437225341797], "wrist": [44.67933654785156, 325.8053894042969, 69.40225982666016]}, {"thumb": {"distal": [-17.427288055419922, 357.5597229003906, 25.017295837402344], "intermediate": [-8.533439636230469, 350.3200378417969, 36.6123161315918], "proximal": [7.848011016845703, 339.2820739746094, 50.3670539855957], "metacarpal": [38.06915283203125, 321.0208740234375, 73.43476867675781]}, "index": {"distal": [4.204591751098633, 392.8785095214844, -39.041873931884766], "intermediate": [8.54654312133789, 388.5901184082031, -22.58963394165039], "proximal": [13.409862518310547, 381.19091796875, -3.7622628211975098], "metacarpal": [20.540138244628906, 366.0051574707031, 20.716501235961914]}, "middle": {"distal": [40.88700866699219, 323.4835510253906, 13.828438758850098], "intermediate": [37.375457763671875, 330.9122619628906, 0.27683043479919434], "proximal": [34.63399887084961, 351.58905029296875, -7.984604358673096], "metacarpal": [38.22828674316406, 369.40399169921875, 17.8870906829834]}, "ring": {"distal": [54.63999938964844, 322.1440124511719, 3.1751654148101807], "intermediate": [54.109615325927734, 332.7104187011719, -6.771884918212891], "proximal": [55.870033264160156, 350.7125549316406, -10.137738227844238], "metacarpal": [59.53165817260742, 366.13525390625, 17.317190170288086]}, "pinky": {"distal": [86.03649139404297, 373.4745788574219, -32.420875549316406],