{
    "Left": [],
    "Right": [
        {
            "thumb": {
                "distal": [
                    35.917877197265625,
                    189.49627685546875,
                    107.76583099365234
                ],
                "intermediate": [
                    46.01649475097656,
                    197.1974334716797,
                    119.22704315185547
                ],
                "proximal": [
                    65.3106460571289,
                    206.06979370117188,
                    132.76226806640625
                ],
                "metacarpal": [
                    100.43305969238281,
                    220.04885864257812,
                    155.71661376953125
                ]
            },
            "index": {
                "distal": [
                    27.434833526611328,
                    186.76446533203125,
                    64.64864349365234
                ],
                "intermediate": [
                    33.44123458862305,
                    199.43325805664062,
                    70.47745513916016
                ],
                "proximal": [
                    43.64945983886719,
                    211.53292846679688,
                    80.92251586914062
                ],
                "metacarpal": [
                    62.87133026123047,
                    219.39353942871094,
                    100.24312591552734
                ]
            },
            "middle": {
                "distal": [
                    52.81033706665039,
                    167.86334228515625,
                    59.03244400024414
                ],
                "intermediate": [
                    56.465126037597656,
                    182.19842529296875,
                    59.07798767089844
                ],
                "proximal": [
                    64.43397521972656,
                    202.18643188476562,
                    67.1943588256836
                ],
                "metacarpal": [
                    77.396484375,
                    218.90660095214844,
                    91.1436538696289
                ]
            },
            "ring": {
                "distal": [
                    68.67897033691406,
                    171.42483520507812,
                    56.8130989074707
                ],
                "intermediate": [
                    73.19823455810547,
                    184.17782592773438,
                    57.00822448730469
                ],
                "proximal": [
                    80.9320297241211,
                    199.33168029785156,
                    63.205326080322266
                ],
                "metacarpal": [
                    96.34400939941406,
                    214.778564453125,
                    86.14180755615234
                ]
            },
            "pinky": {
                "distal": [
                    105.972412109375,
                    181.79428100585938,
                    49.608360290527344
                ],
                "intermediate": [
                    109.29975891113281,
                    191.46603393554688,
                    54.87788391113281
                ],
                "proximal": [
                    112.48948669433594,
                    202.6952667236328,
                    67.2983627319336
                ],
                "metacarpal": [
                    113.20249938964844,
                    209.1261749267578,
                    87.28862762451172
                ]
            },
            "palm": [
                90.64969635009766,
                215.32708740234375,
                108.46261596679688
            ],
            "wrist": [
                128.12649536132812,
                216.73118591308594,
                160.06898498535156
            ]
        },
        {
            "thumb": {
                "distal": [
                    -40.62944412231445,
                    299.59027099609375,
                    -50.09970474243164
                ],
                "intermediate": [
                    -27.307353973388672,
                    299.55413818359375,
                    -39.344871520996094
                ],
                "proximal": [
                    -5.877582550048828,
                    297.8232727050781,
                    -26.15159034729004
                ],
                "metacarpal": [
                    29.555774688720703,
                    296.0753479003906,
                    -0.9806346297264099
                ]
            },
            "index": {
                "distal": [
                    -20.710819244384766,
                    338.5399475097656,
                    -117.54676818847656
                ],
                "intermediate": [
                    -13.727775573730469,
                    339.34674072265625,
                    -101.94278717041016
                ],
                "proximal": [
                    -6.348361968994141,
                    338.0442810058594,
                    -83.07283782958984
                ],
                "metacarpal": [
                    3.6548538208007812,
                    330.68109130859375,
                    -57.0132942199707
                ]
            },
            "middle": {
                "distal": [
                    30.237638473510742,
                    296.05419921875,
                    -40.90655517578125
                ],
                "intermediate": [
                    22.40390396118164,
                    293.8757019042969,
                    -55.65116882324219
                ],
                "proximal": [
                    14.150890350341797,
                    306.2996520996094,
                    -74.15006256103516
                ],
                "metacarpal": [
                    19.777385711669922,
                    331.5558776855469,
                    -63.75237274169922
                ]
            },
            "ring": {
                "distal": [
                    32.868717193603516,
                    284.5025634765625,
                    -62.0078239440918
                ],
                "intermediate": [
                    30.41309356689453,
                    289.8924255371094,
                    -74.69694519042969
                ],
                "proximal": [
                    30.753381729125977,
                    304.3086853027344,
                    -85.2153091430664
                ],
                "metacarpal": [
                    39.34053421020508,
                    326.31396484375,
                    -67.7768325805664
                ]
            },
            "pinky": {
                "distal": [
                    51.34437942504883,
                    315.5715637207031,
                    -122.52416229248047
                ],
                "intermediate": [
                    53.36336135864258,
                    318.30206298828125,
                    -110.22301483154297
                ],
                "proximal": [
                    55.98262023925781,
                    320.9078674316406,
                    -91.7208480834961
                ],
                "metacarpal": [
                    55.3472900390625,
                    317.1177062988281,
                    -67.12069702148438
                ]
            },
            "palm": [
                28.81692123413086,
                316.9892883300781,
                -47.83899688720703
            ],
            "wrist": [
                57.5333251953125,
                288.2711486816406,
                7.072032451629639
            ]
        },
        {
            "thumb": {
                "distal": [
                    -48.903499603271484,
                    293.99261474609375,
                    -28.006986618041992
                ],