{"Left": [], "Right": [{"thumb": {"distal": [30.232044219970703, 353.0744934082031, 10.261730194091797], "intermediate": [43.12555694580078, 349.7527160644531, 22.360515594482422], "proximal": [65.35488891601562, 342.3915100097656, 34.49744415283203], "metacarpal": [102.38893127441406, 330.7216796875, 58.06684112548828]}, "index": {"distal": [38.57655334472656, 339.6617736816406, -28.268230438232422], "intermediate": [43.60590744018555, 354.7073974609375, -24.251323699951172], "proximal": [53.5111198425293, 368.8645324707031, -13.380999565124512], "metacarpal": [72.29033660888672, 369.1777038574219, 7.818224906921387]}, "middle": {"distal": [66.96870422363281, 321.6723937988281, -10.667915344238281], "intermediate": [63.37032699584961, 333.9785461425781, -20.415287017822266], "proximal": [67.53396606445312, 356.8363952636719, -23.328163146972656], "metacarpal": [88.06483459472656, 369.83795166015625, -0.5482062697410583]}, "ring": {"distal": [81.60397338867188, 327.69439697265625, -23.705556869506836], "intermediate": [82.73379516601562, 339.61669921875, -30.206254959106445], "proximal": [89.5387954711914, 355.5779724121094, -30.462356567382812], "metacarpal": [107.302978515625, 363.88287353515625, -6.876369476318359]}, "pinky": {"distal": [106.1300048828125, 343.41156005859375, -58.75033187866211], "intermediate": [113.3917236328125, 350.97955322265625, -49.62772750854492], "proximal": [121.29145812988281, 357.64459228515625, -32.39070510864258], "metacarpal": [123.08511352539062, 353.9090576171875, -8.33387565612793]}, "palm": [98.32916259765625, 354.0331115722656, 13.299764633178711], "wrist": [130.9859161376953, 321.5723876953125, 62.91714859008789]}, {"thumb": {"distal": [-17.329483032226562, 293.7831115722656, 6.109846591949463], "intermediate": [-2.176433563232422, 289.4716796875, 11.956278800964355], "proximal": [20.982311248779297, 282.4453125, 17.827674865722656], "metacarpal": [60.06001281738281, 272.980712890625, 31.602130889892578]}, "index": {"distal": [-15.730457305908203, 317.0496520996094, -71.1657943725586], "intermediate": [-5.279449462890625, 317.8009338378906, -56.83454513549805], "proximal": [6.676919937133789, 316.81842041015625, -39.93102264404297], "metacarpal": [24.23820686340332, 310.1820983886719, -17.26479721069336]}, "middle": {"distal": [49.99800109863281, 269.8673095703125, -5.358181953430176], "intermediate": [38.650569915771484, 268.47515869140625, -18.68065643310547], "proximal": [27.635887145996094, 282.76824951171875, -36.192222595214844], "metacarpal": [38.850101470947266, 310.63800048828125, -27.3815860748291]}, "ring": {"distal": [47.59077453613281, 266.8288269042969, -26.23889923095703], "intermediate": [42.48371124267578, 271.86468505859375, -38.1823844909668], "proximal": [41.593589782714844, 285.1479187011719, -49.37455368041992], "metacarpal": [57.42395782470703, 304.65142822265625, -35.79018783569336]}, "pinky": {"distal": [58.458282470703125, 288.5466003417969, -94.56941223144531], "intermediate": [63.83073806762695, 292.89215087890625, -82.52875518798828], "proximal": [70.10586547851562, 297.1534118652344, -64.2588882446289], "metacarpal": [73.30252075195312, 294.723388671875, -38.92521286010742]}, "palm": [50.65803527832031, 295.23779296875, -14.063392639160156], "wrist": [89.14374542236328, 265.28033447265625, 34.21033477783203]}, {"thumb": {"distal": [-17.44735336303711, 284.79595947265625, 8.611452102661133], "intermediate": [-2.403125762939453, 278.8110656738281, 14.346847534179688], "proximal": [20.162736892700195, 269.79388427734375, 20.344970703125], "metacarpal": [58.10041046142578, 257.870361328125, 34.48804473876953]}, "index": {"distal": [-23.514244079589844, 289.07269287109375, -66.33267211914062], "intermediate": [-12.806877136230469, 292.6947021484375, -53.4609260559082], "proximal": [-0.009189605712890625, 294.88323974609375, -37.58260726928711], "metacarpal": [19.572750091552734, 291.27984619140625, -15.41759967803955]}, "middle": {"distal": [47.11387634277344, 249.1328125, -2.964125156402588], "intermediate": [36.24263000488281, 247.13311767578125, -16.21126365661621], "proximal": [24.491710662841797, 261.3732604980469, -34.01381301879883], "metacarpal": [34.2411994934082, 291.9962158203125, -25.93714141845703]}, "ring": {"distal": [44.12908172607422, 247.64242553710938, -20.474422454833984], "intermediate": [38.591182708740234, 251.5322723388672, -33.07664108276367], "proximal": [36.90919876098633, 264.2047119140625, -45.97620391845703], "metacarpal": [53.329551696777344, 286.5024719238281, -34.51157760620117]}, "pinky": {"distal": [56.484352111816406, 267.9311218261719, -93.94861602783203], "intermediate": [61.50567626953125, 273.0144348144531, -81.91275787353516], "proximal": [67.24675750732422, 278.3464050292969, -63.56360626220703], "metacarpal": [69.9568862915039, 277.0918884277344, -37.52283477783203]}, "palm": [47.19220733642578, 277.7289733886719, -12.12493896484375], "wrist": [88.11164855957031, 251.92127990722656, 37.20090103149414]}, {"thumb": {"distal": [33.827049255371094, 341.1342468261719, 75.42987823486328], "intermediate": [46.198875427246094, 332.2863464355469, 82.64439392089844], "proximal": [66.341796875, 319.0483703613281, 88.10092163085938], "metacarpal": [101.34197998046875, 296.9056701660156, 99.86186981201172]}, "index": {"distal": [33.34004211425781, 373.90869140625, 14.214332580566406], "intermediate": [44.177066802978516, 371.9318542480469, 27.014114379882812], "proximal": [56.50850296020508, 366.0243835449219, 42.120880126953125], "metacarpal": [72.20683288574219, 349.9801330566406, 61.33521270751953]}, "middle": {"distal": [46.36691665649414, 353.12982177734375, -5.217497825622559], "intermediate": [55.67074966430664, 358.709228515625, 5.239155292510986], "proximal": [70.1025390625, 361.1805725097656, 23.785240173339844], "metacarpal": [87.38923645019531, 350.6524353027344, 51.189510345458984]}, "ring": {"distal": [67.49595642089844, 351.1947937011719, -9.472236633300781], "intermediate": [76.546142578125, 355.2386779785156, 0.06664810329675674], "proximal": [88.50169372558594, 355.92803955078125, 14.367963790893555], "metacarpal": [105.32408142089844, 343.9099426269531, 41.26704025268555]}, "pinky": {"distal": [102.69828796386719, 341.3676452636719, -18.699359893798828], "intermediate": [109.59913635253906, 343.27105712890625, -6.126210689544678], "proximal": [116.66796875, 341.8797607421875, 12.676898002624512], "metacarpal": [119.624267578125, 332.52423095703125, 35.63051223754883]}, "palm": [96.61930847167969, 330.67828369140625, 60.424442291259766], "wrist": [129.9910888671875, 284.88330078125, 100.43030548095703]}]}