{"Left": [], "Right": [{"thumb": {"distal": [7.665782928466797, 319.6195068359375, 73.77787780761719], "intermediate": [18.34658432006836, 313.3667907714844, 85.17522430419922], "proximal": [35.160709381103516, 303.7650146484375, 98.92507934570312], "metacarpal": [63.7584342956543, 289.0277099609375, 126.51026916503906]}, "index": {"distal": [19.382503509521484, 344.0212707519531, 11.537988662719727], "intermediate": [26.00687026977539, 342.04498291015625, 26.481552124023438], "proximal": [33.616050720214844, 337.4232177734375, 44.10401153564453], "metacarpal": [44.52593994140625, 326.4810791015625, 69.10673522949219]}, "middle": {"distal": [38.09420394897461, 322.2540588378906, -7.491151332855225], "intermediate": [43.96479797363281, 327.2370300292969, 7.323093414306641], "proximal": [52.1544303894043, 330.87249755859375, 30.586349487304688], "metacarpal": [62.064964294433594, 327.01605224609375, 63.983978271484375]}, "ring": {"distal": [59.929622650146484, 327.8733825683594, -0.7387112379074097], "intermediate": [65.62602233886719, 330.08599853515625, 12.44528579711914], "proximal": [72.47418212890625, 329.8671569824219, 30.12160873413086], "metacarpal": [82.37841033935547, 320.7026672363281, 61.72441482543945]}, "pinky": {"distal": [100.94500732421875, 318.474365234375, 8.10800838470459], "intermediate": [102.12171936035156, 319.5240173339844, 21.784032821655273], "proximal": [102.0849609375, 318.0900573730469, 40.633811950683594], "metacarpal": [98.41352844238281, 310.4322814941406, 63.66455078125]}, "palm": [69.20289611816406, 311.3011474609375, 80.2928237915039], "wrist": [89.91773223876953, 280.4112548828125, 138.06080627441406]}, {"thumb": {"distal": [-5.099578857421875, 355.01983642578125, 18.685230255126953], "intermediate": [4.253269195556641, 347.11968994140625, 30.137035369873047], "proximal": [19.796710968017578, 334.4833068847656, 43.491031646728516], "metacarpal": [47.00603103637695, 314.0248718261719, 68.46437072753906]}, "index": {"distal": [6.179836273193359, 374.90325927734375, -45.69304656982422], "intermediate": [13.208568572998047, 373.5236511230469, -30.490882873535156], "proximal": [21.145004272460938, 369.0448913574219, -12.532820701599121], "metacarpal": [31.798892974853516, 357.0116882324219, 12.274923324584961]}, "middle": {"distal": [25.026653289794922, 350.4269714355469, -64.21974182128906], "intermediate": [31.357873916625977, 356.5232238769531, -49.861900329589844], "proximal": [40.059791564941406, 361.1849670410156, -26.34258270263672], "metacarpal": [49.444236755371094, 356.8123474121094, 7.347243309020996]}, "ring": {"distal": [47.36376953125, 353.5904541015625, -59.34489059448242], "intermediate": [53.347015380859375, 356.9632568359375, -46.0215950012207], "proximal": [60.44430160522461, 357.8946838378906, -27.604236602783203], "metacarpal": [69.44477081298828, 349.2983703613281, 5.009400367736816]}, "pinky": {"distal": [90.08918762207031, 343.1231384277344, -50.58047103881836], "intermediate": [91.02973937988281, 345.1451721191406, -36.564178466796875], "proximal": [90.22735595703125, 344.6946105957031, -16.88172149658203], "metacarpal": [84.77769470214844, 337.8017883300781, 6.553071022033691]}, "palm": [55.076393127441406, 339.3828125, 22.990129470825195], "wrist": [72.89443969726562, 303.85211181640625, 80.28120422363281]}, {"thumb": {"distal": [-17.802730560302734, 357.9322204589844, 12.694477081298828], "intermediate": [-6.7970428466796875, 351.1456298828125, 23.93528938293457], "proximal": [11.945341110229492, 340.3250732421875, 36.06095886230469], "metacarpal": [44.65061950683594, 322.500732421875, 57.156124114990234]}, "index": {"distal": [4.266206741333008, 402.6762390136719, -47.527591705322266], "intermediate": [10.645458221435547, 397.83770751953125, -31.71376609802246], "proximal": [17.220054626464844, 390.00274658203125, -13.336108207702637], "metacarpal": [25.921852111816406, 373.80316162109375, 9.798470497131348]}, "middle": {"distal": [42.958702087402344, 326.4148864746094, 11.473100662231445], "intermediate": [35.93791580200195, 331.4940490722656, -3.125663995742798], "proximal": [32.092777252197266, 352.6272277832031, -15.85605525970459], "metacarpal": [43.346473693847656, 375.4117126464844, 4.475836753845215]}, "ring": {"distal": [48.28419876098633, 328.85015869140625, -13.841994285583496], "intermediate": [48.599876403808594, 339.7140808105469, -23.013492584228516], "proximal": [53.109291076660156, 357.0366516113281, -25.946840286254883], "metacarpal": [63.715667724609375, 369.68365478515625, 0.35280802845954895]}, "pinky": {"distal": [68.65933990478516, 362.8091735839844, -57.27056121826172], "intermediate": [73.89578247070312, 366.28411865234375, -44.8162841796875], "proximal": [79.63282775878906, 367.6737365722656, -24.847410202026367], "metacarpal": [79.61087036132812, 359.0006408691406, -0.6078804731369019]}, "palm": [50.18583679199219, 355.9424743652344, 16.641246795654297], "wrist": [71.00888061523438, 313.51708984375, 67.80460357666016]}, {"thumb": {"distal": [-24.27167510986328, 340.632568359375, 5.950453281402588], "intermediate": [-11.325050354003906, 334.8058776855469, 15.880483627319336], "proximal": [8.449150085449219, 325.5350341796875, 27.939138412475586], "metacarpal": [40.58036804199219, 311.9791259765625, 53.09493637084961]}, "index": {"distal": [2.8709373474121094, 377.74383544921875, -63.1969108581543], "intermediate": [7.868928909301758, 373.7615966796875, -46.78475570678711], "proximal": [12.669021606445312, 367.1895751953125, -27.47885513305664], "metacarpal": [19.01418113708496, 354.0701904296875, -1.3646831512451172]}, "middle": {"distal": [42.486167907714844, 311.3707275390625, 10.478443145751953], "intermediate": [35.9740104675293, 312.37493896484375, -4.779742240905762], "proximal": [29.91229820251465, 329.3359375, -21.788681030273438], "metacarpal": [36.29021072387695, 355.91546630859375, -6.7870588302612305]}, "ring": {"distal": [46.68153381347656, 307.01263427734375, -12.980640411376953], "intermediate": [46.09185028076172, 315.31304931640625, -24.96689224243164], "proximal": [48.499488830566406, 331.9382629394531, -32.760677337646484], "metacarpal": [56.97065734863281, 351.0794372558594, -9.878076553344727]}, "pinky": {"distal": [68.22216796875, 347.04168701171875, -65.18619537353516], "intermediate": [71.05712127685547, 348.8672180175781, -52.44141387939453], "proximal": [74.20539855957031, 349.2353820800781, -33.31687545776367], "metacarpal": [73.59663391113281, 341.66204833984375, -9.090864181518555]}, "palm": [44.2928466796875, 339.132568359375, 8.19584846496582], "wrist": [67.29325866699219, 305.3550109863281, 64.51372528076172]}, {"thumb": {"distal": [-8.212989807128906, 358.78497314453125, 16.0423583984375], "intermediate": [2.1223182678222656, 351.7181701660156, 27.206342697143555], "proximal": [19.830963134765625, 340.20068359375, 39.860191345214844], "metacarpal": [49.80415344238281, 321.71185302734375, 64.88453674316406]}, "index": {"distal": [8.36102294921875, 374.5395812988281, -47.638641357421875], "intermediate": [13.55756950378418, 376.5173645019531, -32.760948181152344], "proximal": [20.066226959228516, 375.53857421875, -14.123054504394531], "metacarpal": [30.262794494628906, 364.727294921875, 10.809471130371094]}, "middle": {"distal": [36.6185188293457, 315.936279296875, -12.804027557373047], "intermediate": [35.08683395385742, 328.52227783203125, -22.850284576416016], "proximal": [37.60844421386719, 352.39410400390625, -23.74256134033203], "metacarpal": [47.910709381103516, 367.20703125, 6.667279243469238]}, "ring": {"distal": [47.85257339477539, 324.570556640625, -26.669748306274414], "intermediate": [50.23138427734375, 338.23382568359375, -29.883926391601562], "proximal": [56.415199279785156, 355.0701599121094, -25.093217849731445], "metacarpal": [68.9467544555664, 362.77130126953125, 4.894799709320068]}, "pinky": {"distal": [81.41523742675781, 353.8775634765625, -49.628353118896484],