{"Left": [], "Right": [{"thumb": {"distal": [6.284069061279297, 214.74057006835938, 33.27312469482422], "intermediate": [19.428136825561523, 215.16549682617188, 44.07279968261719], "proximal": [41.80478286743164, 213.0073699951172, 55.18936538696289], "metacarpal": [79.5408706665039, 210.89024353027344, 78.38545989990234]}, "index": {"distal": [10.37181282043457, 201.20538330078125, -17.3983211517334], "intermediate": [16.75185203552246, 213.99456787109375, -11.944785118103027], "proximal": [26.932235717773438, 225.51893615722656, -1.006216049194336], "metacarpal": [43.99310302734375, 228.92601013183594, 20.79640769958496]}, "middle": {"distal": [28.158451080322266, 182.738525390625, -21.146806716918945], "intermediate": [32.504329681396484, 197.81216430664062, -22.301923751831055], "proximal": [42.6565055847168, 217.22354125976562, -14.851234436035156], "metacarpal": [59.231231689453125, 227.32733154296875, 11.540936470031738]}, "ring": {"distal": [43.69697952270508, 186.19056701660156, -27.09993553161621], "intermediate": [49.693817138671875, 198.3693389892578, -27.018817901611328], "proximal": [59.91127395629883, 211.8168182373047, -20.35025978088379], "metacarpal": [78.37506103515625, 220.0726318359375, 6.287436485290527]}, "pinky": {"distal": [81.03141021728516, 191.32237243652344, -38.09407043457031], "intermediate": [87.07234191894531, 199.74578857421875, -30.77977180480957], "proximal": [93.23724365234375, 208.23162841796875, -15.793319702148438], "metacarpal": [94.6080322265625, 210.5375213623047, 7.140364646911621]}, "palm": [71.31668853759766, 217.41070556640625, 29.078855514526367], "wrist": [108.45596313476562, 205.02096557617188, 84.11166381835938]}, {"thumb": {"distal": [3.3460845947265625, 328.4521179199219, -31.764293670654297], "intermediate": [14.574028015136719, 324.220458984375, -19.77365493774414], "proximal": [34.401084899902344, 315.8523254394531, -6.680647850036621], "metacarpal": [69.12043762207031, 302.0770263671875, 15.007917404174805]}, "index": {"distal": [12.670242309570312, 350.0190124511719, -91.35906219482422], "intermediate": [20.72582244873047, 352.4056701660156, -77.16615295410156], "proximal": [29.82421112060547, 352.7435607910156, -59.68349075317383], "metacarpal": [42.6549072265625, 345.03802490234375, -35.35538101196289]}, "middle": {"distal": [61.795677185058594, 299.745361328125, -29.466569900512695], "intermediate": [53.01545715332031, 302.63287353515625, -43.36431884765625], "proximal": [46.58954620361328, 321.2342834472656, -58.40245819091797], "metacarpal": [58.79205322265625, 345.9493103027344, -42.968868255615234]}, "ring": {"distal": [65.89732360839844, 300.8896484375, -53.55766296386719], "intermediate": [63.8690185546875, 309.18524169921875, -63.9525032043457], "proximal": [65.98295593261719, 324.5951843261719, -70.47393035888672], "metacarpal": [78.23974609375, 340.045654296875, -48.76470184326172]}, "pinky": {"distal": [76.36297607421875, 323.2155456542969, -104.19599914550781], "intermediate": [82.84730529785156, 328.6942443847656, -93.43909454345703], "proximal": [90.59873962402344, 333.6424865722656, -75.37164306640625], "metacarpal": [94.02227783203125, 329.7701721191406, -50.2440185546875]}, "palm": [67.79397583007812, 328.8614196777344, -29.364139556884766], "wrist": [97.80117797851562, 294.2003173828125, 22.093111038208008]}, {"thumb": {"distal": [-21.901084899902344, 266.8996887207031, -19.980730056762695], "intermediate": [-7.739112854003906, 264.0665588378906, -10.14388656616211], "proximal": [14.800140380859375, 257.9933166503906, 0.9415978193283081], "metacarpal": [51.41011428833008, 250.46267700195312, 23.286128997802734]}, "index": {"distal": [-16.853431701660156, 287.5321350097656, -88.15086364746094], "intermediate": [-7.633716583251953, 288.404296875, -73.10454559326172], "proximal": [2.5973739624023438, 287.75946044921875, -55.00247573852539], "metacarpal": [17.140682220458984, 281.8583984375, -30.073776245117188]}, "middle": {"distal": [46.91162872314453, 243.94900512695312, -14.212960243225098], "intermediate": [36.78563690185547, 240.84561157226562, -28.456226348876953], "proximal": [25.711143493652344, 253.401123046875, -47.38853073120117], "metacarpal": [32.36224365234375, 282.4540100097656, -39.27790069580078]}, "ring": {"distal": [43.60565185546875, 239.11590576171875, -36.076568603515625], "intermediate": [38.77325439453125, 243.6597137451172, -48.07332992553711], "proximal": [37.78763198852539, 256.3996276855469, -59.66416931152344], "metacarpal": [51.70311737060547, 277.0429382324219, -45.95909881591797]}, "pinky": {"distal": [45.310115814208984, 255.41102600097656, -98.59725952148438], "intermediate": [51.967689514160156, 261.66192626953125, -88.39457702636719], "proximal": [60.860137939453125, 268.2084655761719, -71.93860626220703], "metacarpal": [68.19859313964844, 267.9688415527344, -47.307071685791016]}, "palm": [43.994449615478516, 268.8095397949219, -24.139677047729492], "wrist": [80.81008911132812, 245.84109497070312, 28.95766258239746]}, {"thumb": {"distal": [1.9736156463623047, 252.75242614746094, 78.20503234863281], "intermediate": [20.518238067626953, 250.97743225097656, 79.08245086669922], "proximal": [44.46894073486328, 250.18508911132812, 81.57478332519531], "metacarpal": [82.24916076660156, 253.55978393554688, 103.15145111083984]}, "index": {"distal": [4.83110237121582, 275.40081787109375, -0.5474384427070618], "intermediate": [15.100308418273926, 277.898681640625, 11.587159156799316], "proximal": [27.282976150512695, 277.9204406738281, 26.35191535949707], "metacarpal": [45.34543991088867, 273.46844482421875, 47.14654541015625]}, "middle": {"distal": [24.831146240234375, 262.3304443359375, -22.29656410217285], "intermediate": [32.3419189453125, 268.8721618652344, -10.45512580871582], "proximal": [44.21111297607422, 274.7702941894531, 8.938919067382812], "metacarpal": [60.97990798950195, 274.6967468261719, 37.99491882324219]}, "ring": {"distal": [51.722320556640625, 260.5074157714844, -24.25290298461914], "intermediate": [58.372314453125, 266.46221923828125, -13.387730598449707], "proximal": [67.13328552246094, 271.0293273925781, 2.222510814666748], "metacarpal": [81.02471160888672, 270.4774475097656, 32.14076614379883]}, "pinky": {"distal": [99.46833801269531, 258.0863037109375, -23.974802017211914], "intermediate": [100.80168151855469, 262.33935546875, -10.540271759033203], "proximal": [101.13095092773438, 265.02593994140625, 8.357666969299316], "metacarpal": [98.39227294921875, 262.8770446777344, 32.15056228637695]}, "palm": [73.92442321777344, 264.4643249511719, 54.54814910888672], "wrist": [111.80221557617188, 249.02162170410156, 108.33931732177734]}]}